datetime,Temp_C,Light_lum/ft2
2022-09-01T00:00:00Z,24.448,52
2022-09-01T00:15:00Z,24.448,26
2022-09-01T00:30:00Z,24.351,9
2022-09-01T00:45:00Z,24.351,1
2022-09-01T01:00:00Z,24.351,0
2022-09-01T01:15:00Z,24.255,0
2022-09-01T01:30:00Z,24.351,0
2022-09-01T01:45:00Z,24.351,0
2022-09-01T02:00:00Z,24.255,0
2022-09-01T02:15:00Z,24.255,0
2022-09-01T02:30:00Z,24.351,0
2022-09-01T02:45:00Z,24.351,0
2022-09-01T03:00:00Z,24.351,0
2022-09-01T03:15:00Z,24.351,0
2022-09-01T03:30:00Z,24.255,0
2022-09-01T03:45:00Z,24.255,0
2022-09-01T04:00:00Z,24.255,0
2022-09-01T04:15:00Z,24.255,0
2022-09-01T04:30:00Z,24.158,0
2022-09-01T04:45:00Z,24.158,0
2022-09-01T05:00:00Z,24.158,0
2022-09-01T05:15:00Z,24.062,0
2022-09-01T05:30:00Z,24.062,0
2022-09-01T05:45:00Z,24.062,0
2022-09-01T06:00:00Z,24.062,0
2022-09-01T06:15:00Z,23.966,0
2022-09-01T06:30:00Z,23.966,0
2022-09-01T06:45:00Z,23.966,0
2022-09-01T07:00:00Z,23.966,0
2022-09-01T07:15:00Z,23.869,0
2022-09-01T07:30:00Z,23.869,0
2022-09-01T07:45:00Z,23.869,0
2022-09-01T08:00:00Z,23.869,0
2022-09-01T08:15:00Z,23.773,0
2022-09-01T08:30:00Z,23.773,0
2022-09-01T08:45:00Z,23.773,0
2022-09-01T09:00:00Z,23.773,0
2022-09-01T09:15:00Z,23.773,0
2022-09-01T09:30:00Z,23.773,0
2022-09-01T09:45:00Z,23.773,0
2022-09-01T10:00:00Z,23.677,0
2022-09-01T10:15:00Z,23.677,0
2022-09-01T10:30:00Z,23.677,0
2022-09-01T10:45:00Z,23.677,0
2022-09-01T11:00:00Z,23.677,0
2022-09-01T11:15:00Z,23.677,2
2022-09-01T11:30:00Z,23.677,11
2022-09-01T11:45:00Z,23.677,27
2022-09-01T12:00:00Z,23.677,50
2022-09-01T12:15:00Z,23.677,82
2022-09-01T12:30:00Z,23.773,115
2022-09-01T12:45:00Z,23.773,144
2022-09-01T13:00:00Z,23.773,200
2022-09-01T13:15:00Z,23.869,232
2022-09-01T13:30:00Z,23.869,272
2022-09-01T13:45:00Z,23.966,304
2022-09-01T14:00:00Z,24.062,352
2022-09-01T14:15:00Z,24.062,384
2022-09-01T14:30:00Z,24.158,416
2022-09-01T14:45:00Z,24.158,448
2022-09-01T15:00:00Z,24.255,448
2022-09-01T15:15:00Z,24.255,512
2022-09-01T15:30:00Z,24.351,448
2022-09-01T15:45:00Z,24.351,448
2022-09-01T16:00:00Z,24.351,480
2022-09-01T16:15:00Z,24.351,480
2022-09-01T16:30:00Z,24.545,1344
2022-09-01T16:45:00Z,24.641,1536
2022-09-01T17:00:00Z,24.738,1344
2022-09-01T17:15:00Z,24.931,1600
2022-09-01T17:30:00Z,24.931,1728
2022-09-01T17:45:00Z,24.835,1280
2022-09-01T18:00:00Z,24.738,1536
2022-09-01T18:15:00Z,24.641,1344
2022-09-01T18:30:00Z,24.835,2176
2022-09-01T18:45:00Z,24.931,1664
2022-09-01T19:00:00Z,24.931,1920
2022-09-01T19:15:00Z,24.835,1728
2022-09-01T19:30:00Z,24.931,2048
2022-09-01T19:45:00Z,24.931,1920
2022-09-01T20:00:00Z,24.931,1920
2022-09-01T20:15:00Z,25.028,1856
2022-09-01T20:30:00Z,24.931,1856
2022-09-01T20:45:00Z,24.738,136
2022-09-01T21:00:00Z,24.835,704
2022-09-01T21:15:00Z,24.835,512
2022-09-01T21:30:00Z,24.931,512
2022-09-01T21:45:00Z,24.835,432
2022-09-01T22:00:00Z,24.835,416
2022-09-01T22:15:00Z,24.835,288
2022-09-01T22:30:00Z,24.835,400
2022-09-01T22:45:00Z,24.835,176
2022-09-01T23:00:00Z,24.835,200
2022-09-01T23:15:00Z,24.835,216
2022-09-01T23:30:00Z,24.835,168
2022-09-01T23:45:00Z,24.835,112
2022-09-02T00:00:00Z,24.835,79
2022-09-02T00:15:00Z,24.738,28
2022-09-02T00:30:00Z,24.641,7
2022-09-02T00:45:00Z,24.641,0
2022-09-02T01:00:00Z,24.641,0
2022-09-02T01:15:00Z,24.641,0
2022-09-02T01:30:00Z,24.545,0
2022-09-02T01:45:00Z,24.545,0
2022-09-02T02:00:00Z,24.545,0
2022-09-02T02:15:00Z,24.545,0
2022-09-02T02:30:00Z,24.545,0
2022-09-02T02:45:00Z,24.545,0
2022-09-02T03:00:00Z,24.545,0
2022-09-02T03:15:00Z,24.448,0
2022-09-02T03:30:00Z,24.448,0
2022-09-02T03:45:00Z,24.448,0
2022-09-02T04:00:00Z,24.448,0
2022-09-02T04:15:00Z,24.448,0
2022-09-02T04:30:00Z,24.448,0
2022-09-02T04:45:00Z,24.448,0
2022-09-02T05:00:00Z,24.448,0
2022-09-02T05:15:00Z,24.351,0
2022-09-02T05:30:00Z,24.351,0
2022-09-02T05:45:00Z,24.351,0
2022-09-02T06:00:00Z,24.351,0
2022-09-02T06:15:00Z,24.255,0
2022-09-02T06:30:00Z,24.351,0
2022-09-02T06:45:00Z,24.255,0
2022-09-02T07:00:00Z,24.255,0
2022-09-02T07:15:00Z,24.255,0
2022-09-02T07:30:00Z,24.255,0
2022-09-02T07:45:00Z,24.255,0
2022-09-02T08:00:00Z,24.158,0
2022-09-02T08:15:00Z,24.158,0
2022-09-02T08:30:00Z,24.158,0
2022-09-02T08:45:00Z,24.158,0
2022-09-02T09:00:00Z,24.158,0
2022-09-02T09:15:00Z,24.158,0
2022-09-02T09:30:00Z,24.062,0
2022-09-02T09:45:00Z,24.062,0
2022-09-02T10:00:00Z,24.062,0
2022-09-02T10:15:00Z,24.062,0
2022-09-02T10:30:00Z,24.062,0
2022-09-02T10:45:00Z,24.062,0
2022-09-02T11:00:00Z,24.062,0
2022-09-02T11:15:00Z,23.966,0
2022-09-02T11:30:00Z,23.966,3
2022-09-02T11:45:00Z,23.966,10
2022-09-02T12:00:00Z,23.966,25
2022-09-02T12:15:00Z,23.966,61
2022-09-02T12:30:00Z,23.966,63
2022-09-02T12:45:00Z,23.966,74
2022-09-02T13:00:00Z,23.966,113
2022-09-02T13:15:00Z,23.966,136
2022-09-02T13:30:00Z,23.966,160
2022-09-02T13:45:00Z,23.966,192
2022-09-02T14:00:00Z,23.966,208
2022-09-02T14:15:00Z,23.966,184
2022-09-02T14:30:00Z,23.966,336
2022-09-02T14:45:00Z,24.158,512
2022-09-02T15:00:00Z,24.158,496
2022-09-02T15:15:00Z,24.158,432
2022-09-02T15:30:00Z,24.158,416
2022-09-02T15:45:00Z,24.255,512
2022-09-02T16:00:00Z,24.255,432
2022-09-02T16:15:00Z,24.255,480
2022-09-02T16:30:00Z,24.255,480
2022-09-02T16:45:00Z,24.351,608
2022-09-02T17:00:00Z,24.448,608
2022-09-02T17:15:00Z,24.351,464
2022-09-02T17:30:00Z,24.351,256
2022-09-02T17:45:00Z,24.545,576
2022-09-02T18:00:00Z,24.545,576
2022-09-02T18:15:00Z,24.641,512
2022-09-02T18:30:00Z,24.641,800
2022-09-02T18:45:00Z,24.738,384
2022-09-02T19:00:00Z,24.738,448
2022-09-02T19:15:00Z,24.738,416
2022-09-02T19:30:00Z,24.835,768
2022-09-02T19:45:00Z,24.931,512
2022-09-02T20:00:00Z,24.835,320
2022-09-02T20:15:00Z,24.931,960
2022-09-02T20:30:00Z,24.835,320
2022-09-02T20:45:00Z,24.835,384
2022-09-02T21:00:00Z,24.931,496
2022-09-02T21:15:00Z,24.931,480
2022-09-02T21:30:00Z,24.931,200
2022-09-02T21:45:00Z,24.931,368
2022-09-02T22:00:00Z,24.931,336
2022-09-02T22:15:00Z,24.931,336
2022-09-02T22:30:00Z,24.931,272
2022-09-02T22:45:00Z,24.931,256
2022-09-02T23:00:00Z,24.931,176
2022-09-02T23:15:00Z,24.931,152
2022-09-02T23:30:00Z,24.835,61
2022-09-02T23:45:00Z,24.835,45
2022-09-03T00:00:00Z,24.835,26
2022-09-03T00:15:00Z,24.835,13
2022-09-03T00:30:00Z,24.835,4
2022-09-03T00:45:00Z,24.738,0
2022-09-03T01:00:00Z,24.738,0
2022-09-03T01:15:00Z,24.738,0
2022-09-03T01:30:00Z,24.738,0
2022-09-03T01:45:00Z,24.738,0
2022-09-03T02:00:00Z,24.738,0
2022-09-03T02:15:00Z,24.738,0
2022-09-03T02:30:00Z,24.738,0
2022-09-03T02:45:00Z,24.738,0
2022-09-03T03:00:00Z,24.738,0
2022-09-03T03:15:00Z,24.641,0
2022-09-03T03:30:00Z,24.641,0
2022-09-03T03:45:00Z,24.641,0
2022-09-03T04:00:00Z,24.641,0
2022-09-03T04:15:00Z,24.641,0
2022-09-03T04:30:00Z,24.545,0
2022-09-03T04:45:00Z,24.545,0
2022-09-03T05:00:00Z,24.545,0
2022-09-03T05:15:00Z,24.545,0
2022-09-03T05:30:00Z,24.545,0
2022-09-03T05:45:00Z,24.448,0
2022-09-03T06:00:00Z,24.448,0
2022-09-03T06:15:00Z,24.448,0
2022-09-03T06:30:00Z,24.448,0
2022-09-03T06:45:00Z,24.448,0
2022-09-03T07:00:00Z,24.448,0
2022-09-03T07:15:00Z,24.448,0
2022-09-03T07:30:00Z,24.351,0
2022-09-03T07:45:00Z,24.351,0
2022-09-03T08:00:00Z,24.351,0
2022-09-03T08:15:00Z,24.351,0
2022-09-03T08:30:00Z,24.351,0
2022-09-03T08:45:00Z,24.351,0
2022-09-03T09:00:00Z,24.351,0
2022-09-03T09:15:00Z,24.255,0
2022-09-03T09:30:00Z,24.255,0
2022-09-03T09:45:00Z,24.255,0
2022-09-03T10:00:00Z,24.255,0
2022-09-03T10:15:00Z,24.255,0
2022-09-03T10:30:00Z,24.255,0
2022-09-03T10:45:00Z,24.255,0
2022-09-03T11:00:00Z,24.158,0
2022-09-03T11:15:00Z,24.158,0
2022-09-03T11:30:00Z,24.158,9
2022-09-03T11:45:00Z,24.158,20
2022-09-03T12:00:00Z,24.158,44
2022-09-03T12:15:00Z,24.158,75
2022-09-03T12:30:00Z,24.158,136
2022-09-03T12:45:00Z,24.255,272
2022-09-03T13:00:00Z,24.255,232
2022-09-03T13:15:00Z,24.255,288
2022-09-03T13:30:00Z,24.255,92
2022-09-03T13:45:00Z,24.158,48
2022-09-03T14:00:00Z,24.158,8
2022-09-03T14:15:00Z,24.158,7
2022-09-03T14:30:00Z,24.062,5
2022-09-03T14:45:00Z,24.062,6
2022-09-03T15:00:00Z,24.062,11
2022-09-03T15:15:00Z,24.062,17
2022-09-03T15:30:00Z,24.062,26
2022-09-03T15:45:00Z,23.966,55
2022-09-03T16:00:00Z,24.062,128
2022-09-03T16:15:00Z,24.062,240
2022-09-03T16:30:00Z,24.158,352
2022-09-03T16:45:00Z,24.158,176
2022-09-03T17:00:00Z,24.062,216
2022-09-03T17:15:00Z,24.062,128
2022-09-03T17:30:00Z,24.062,127
2022-09-03T17:45:00Z,24.062,84
2022-09-03T18:00:00Z,24.062,216
2022-09-03T18:15:00Z,24.062,208
2022-09-03T18:30:00Z,24.062,192
2022-09-03T18:45:00Z,24.062,144
2022-09-03T19:00:00Z,24.062,78
2022-09-03T19:15:00Z,24.062,128
2022-09-03T19:30:00Z,24.062,50
2022-09-03T19:45:00Z,24.062,117
2022-09-03T20:00:00Z,24.062,70
2022-09-03T20:15:00Z,24.158,176
2022-09-03T20:30:00Z,24.158,304
2022-09-03T20:45:00Z,24.158,320
2022-09-03T21:00:00Z,24.158,320
2022-09-03T21:15:00Z,24.158,192
2022-09-03T21:30:00Z,24.158,200
2022-09-03T21:45:00Z,24.158,104
2022-09-03T22:00:00Z,24.062,63
2022-09-03T22:15:00Z,24.062,30
2022-09-03T22:30:00Z,24.062,33
2022-09-03T22:45:00Z,23.966,34
2022-09-03T23:00:00Z,23.966,28
2022-09-03T23:15:00Z,23.966,30
2022-09-03T23:30:00Z,23.966,25
2022-09-03T23:45:00Z,23.966,13
2022-09-04T00:00:00Z,23.869,13
2022-09-04T00:15:00Z,23.869,7
2022-09-04T00:30:00Z,23.869,1
2022-09-04T00:45:00Z,23.869,0
2022-09-04T01:00:00Z,23.869,0
2022-09-04T01:15:00Z,23.773,0
2022-09-04T01:30:00Z,23.773,0
2022-09-04T01:45:00Z,23.773,0
2022-09-04T02:00:00Z,23.773,0
2022-09-04T02:15:00Z,23.773,0
2022-09-04T02:30:00Z,23.677,0
2022-09-04T02:45:00Z,23.677,0
2022-09-04T03:00:00Z,23.677,0
2022-09-04T03:15:00Z,23.677,0
2022-09-04T03:30:00Z,23.677,0
2022-09-04T03:45:00Z,23.581,0
2022-09-04T04:00:00Z,23.581,0
2022-09-04T04:15:00Z,23.581,0
2022-09-04T04:30:00Z,23.581,0
2022-09-04T04:45:00Z,23.581,0
2022-09-04T05:00:00Z,23.581,0
2022-09-04T05:15:00Z,23.484,0
2022-09-04T05:30:00Z,23.484,0
2022-09-04T05:45:00Z,23.484,0
2022-09-04T06:00:00Z,23.388,0
2022-09-04T06:15:00Z,23.388,0
2022-09-04T06:30:00Z,23.388,0
2022-09-04T06:45:00Z,23.388,0
2022-09-04T07:00:00Z,23.388,0
2022-09-04T07:15:00Z,23.388,0
2022-09-04T07:30:00Z,23.292,0
2022-09-04T07:45:00Z,23.292,0
2022-09-04T08:00:00Z,23.292,0
2022-09-04T08:15:00Z,23.196,0
2022-09-04T08:30:00Z,23.196,0
2022-09-04T08:45:00Z,23.196,0
2022-09-04T09:00:00Z,23.196,0
2022-09-04T09:15:00Z,23.196,0
2022-09-04T09:30:00Z,23.1,0
2022-09-04T09:45:00Z,23.1,0
2022-09-04T10:00:00Z,23.1,0
2022-09-04T10:15:00Z,23.1,0
2022-09-04T10:30:00Z,23.1,0
2022-09-04T10:45:00Z,23.004,0
2022-09-04T11:00:00Z,23.004,0
2022-09-04T11:15:00Z,23.004,0
2022-09-04T11:30:00Z,23.004,0
2022-09-04T11:45:00Z,23.004,3
2022-09-04T12:00:00Z,23.004,6
2022-09-04T12:15:00Z,22.908,11
2022-09-04T12:30:00Z,22.908,21
2022-09-04T12:45:00Z,22.908,23
2022-09-04T13:00:00Z,22.908,48
2022-09-04T13:15:00Z,22.908,66
2022-09-04T13:30:00Z,22.812,58
2022-09-04T13:45:00Z,22.812,80
2022-09-04T14:00:00Z,22.812,89
2022-09-04T14:15:00Z,22.812,136
2022-09-04T14:30:00Z,22.812,112
2022-09-04T14:45:00Z,22.812,111
2022-09-04T15:00:00Z,22.812,136
2022-09-04T15:15:00Z,22.812,160
2022-09-04T15:30:00Z,22.812,224
2022-09-04T15:45:00Z,22.812,224
2022-09-04T16:00:00Z,22.717,160
2022-09-04T16:15:00Z,22.717,200
2022-09-04T16:30:00Z,22.717,184
2022-09-04T16:45:00Z,22.717,200
2022-09-04T17:00:00Z,22.717,240
2022-09-04T17:15:00Z,22.812,336
2022-09-04T17:30:00Z,22.812,256
2022-09-04T17:45:00Z,22.717,136
2022-09-04T18:00:00Z,22.717,127
2022-09-04T18:15:00Z,22.717,144
2022-09-04T18:30:00Z,22.717,176
2022-09-04T18:45:00Z,22.717,168
2022-09-04T19:00:00Z,22.717,168
2022-09-04T19:15:00Z,22.717,160
2022-09-04T19:30:00Z,22.717,184
2022-09-04T19:45:00Z,22.717,152
2022-09-04T20:00:00Z,22.717,160
2022-09-04T20:15:00Z,22.717,152
2022-09-04T20:30:00Z,22.717,184
2022-09-04T20:45:00Z,22.717,248
2022-09-04T21:00:00Z,22.717,232
2022-09-04T21:15:00Z,22.717,232
2022-09-04T21:30:00Z,22.717,168
2022-09-04T21:45:00Z,22.717,160
2022-09-04T22:00:00Z,22.717,144
2022-09-04T22:15:00Z,22.621,53
2022-09-04T22:30:00Z,22.621,28
2022-09-04T22:45:00Z,22.621,36
2022-09-04T23:00:00Z,22.621,33
2022-09-04T23:15:00Z,22.621,36
2022-09-04T23:30:00Z,22.621,29
2022-09-04T23:45:00Z,22.525,23
2022-09-05T00:00:00Z,22.525,13
2022-09-05T00:15:00Z,22.525,7
2022-09-05T00:30:00Z,22.525,1
2022-09-05T00:45:00Z,22.525,0
2022-09-05T01:00:00Z,22.525,0
2022-09-05T01:15:00Z,22.429,0
2022-09-05T01:30:00Z,22.429,0
2022-09-05T01:45:00Z,22.429,0
2022-09-05T02:00:00Z,22.429,0
2022-09-05T02:15:00Z,22.429,0
2022-09-05T02:30:00Z,22.429,0
2022-09-05T02:45:00Z,22.429,0
2022-09-05T03:00:00Z,22.333,0
2022-09-05T03:15:00Z,22.333,0
2022-09-05T03:30:00Z,22.333,0
2022-09-05T03:45:00Z,22.333,0
2022-09-05T04:00:00Z,22.333,0
2022-09-05T04:15:00Z,22.333,0
2022-09-05T04:30:00Z,22.333,0
2022-09-05T04:45:00Z,22.238,0
2022-09-05T05:00:00Z,22.238,0
2022-09-05T05:15:00Z,22.238,0
2022-09-05T05:30:00Z,22.238,0
2022-09-05T05:45:00Z,22.238,0
2022-09-05T06:00:00Z,22.238,0
2022-09-05T06:15:00Z,22.142,0
2022-09-05T06:30:00Z,22.142,0
2022-09-05T06:45:00Z,22.142,0
2022-09-05T07:00:00Z,22.142,0
2022-09-05T07:15:00Z,22.142,0
2022-09-05T07:30:00Z,22.142,0
2022-09-05T07:45:00Z,22.142,0
2022-09-05T08:00:00Z,22.046,0
2022-09-05T08:15:00Z,22.046,0
2022-09-05T08:30:00Z,22.046,0
2022-09-05T08:45:00Z,22.046,0
2022-09-05T09:00:00Z,22.046,0
2022-09-05T09:15:00Z,22.046,0
2022-09-05T09:30:00Z,22.046,0
2022-09-05T09:45:00Z,22.046,0
2022-09-05T10:00:00Z,21.951,0
2022-09-05T10:15:00Z,21.951,0
2022-09-05T10:30:00Z,21.951,0
2022-09-05T10:45:00Z,21.951,0
2022-09-05T11:00:00Z,21.951,0
2022-09-05T11:15:00Z,21.951,0
2022-09-05T11:30:00Z,21.855,4
2022-09-05T11:45:00Z,21.855,20
2022-09-05T12:00:00Z,21.951,47
2022-09-05T12:15:00Z,21.855,34
2022-09-05T12:30:00Z,21.855,54
2022-09-05T12:45:00Z,21.855,75
2022-09-05T13:00:00Z,21.855,87
2022-09-05T13:15:00Z,21.855,83
2022-09-05T13:30:00Z,21.855,101
2022-09-05T13:45:00Z,21.855,120
2022-09-05T14:00:00Z,21.855,160
2022-09-05T14:15:00Z,21.855,114
2022-09-05T14:30:00Z,21.951,200
2022-09-05T14:45:00Z,21.951,320
2022-09-05T15:00:00Z,21.951,272
2022-09-05T15:15:00Z,21.951,336
2022-09-05T15:30:00Z,22.046,336
2022-09-05T15:45:00Z,22.046,368
2022-09-05T16:00:00Z,22.142,480
2022-09-05T16:15:00Z,22.142,288
2022-09-05T16:30:00Z,22.142,512
2022-09-05T16:45:00Z,22.142,272
2022-09-05T17:00:00Z,22.142,272
2022-09-05T17:15:00Z,22.333,512
2022-09-05T17:30:00Z,22.429,608
2022-09-05T17:45:00Z,22.429,608
2022-09-05T18:00:00Z,22.525,576
2022-09-05T18:15:00Z,22.621,352
2022-09-05T18:30:00Z,22.621,352
2022-09-05T18:45:00Z,22.525,168
2022-09-05T19:00:00Z,22.525,240
2022-09-05T19:15:00Z,22.525,320
2022-09-05T19:30:00Z,22.525,272
2022-09-05T19:45:00Z,22.525,320
2022-09-05T20:00:00Z,22.525,216
2022-09-05T20:15:00Z,22.525,200
2022-09-05T20:30:00Z,22.525,216
2022-09-05T20:45:00Z,22.525,272
2022-09-05T21:00:00Z,22.525,272
2022-09-05T21:15:00Z,22.525,272
2022-09-05T21:30:00Z,22.525,256
2022-09-05T21:45:00Z,22.525,216
2022-09-05T22:00:00Z,22.525,224
2022-09-05T22:15:00Z,22.525,160
2022-09-05T22:30:00Z,22.525,144
2022-09-05T22:45:00Z,22.525,122
2022-09-05T23:00:00Z,22.525,100
2022-09-05T23:15:00Z,22.525,80
2022-09-05T23:30:00Z,22.525,51
2022-09-05T23:45:00Z,22.429,28
2022-09-06T00:00:00Z,22.429,21
2022-09-06T00:15:00Z,22.429,5
2022-09-06T00:30:00Z,22.429,0
2022-09-06T00:45:00Z,22.429,0
2022-09-06T01:00:00Z,22.429,0
2022-09-06T01:15:00Z,22.429,0
2022-09-06T01:30:00Z,22.429,0
2022-09-06T01:45:00Z,22.429,0
2022-09-06T02:00:00Z,22.429,0
2022-09-06T02:15:00Z,22.429,0
2022-09-06T02:30:00Z,22.429,0
2022-09-06T02:45:00Z,22.333,0
2022-09-06T03:00:00Z,22.333,0
2022-09-06T03:15:00Z,22.333,0
2022-09-06T03:30:00Z,22.333,0
2022-09-06T03:45:00Z,22.333,0
2022-09-06T04:00:00Z,22.333,0
2022-09-06T04:15:00Z,22.333,0
2022-09-06T04:30:00Z,22.333,0
2022-09-06T04:45:00Z,22.333,0
2022-09-06T05:00:00Z,22.333,0
2022-09-06T05:15:00Z,22.333,0
2022-09-06T05:30:00Z,22.333,0
2022-09-06T05:45:00Z,22.238,0
2022-09-06T06:00:00Z,22.238,0
2022-09-06T06:15:00Z,22.238,0
2022-09-06T06:30:00Z,22.238,0
2022-09-06T06:45:00Z,22.238,0
2022-09-06T07:00:00Z,22.238,0
2022-09-06T07:15:00Z,22.142,0
2022-09-06T07:30:00Z,22.142,0
2022-09-06T07:45:00Z,22.142,0
2022-09-06T08:00:00Z,22.142,0
2022-09-06T08:15:00Z,22.142,0
2022-09-06T08:30:00Z,22.046,0
2022-09-06T08:45:00Z,22.046,0
2022-09-06T09:00:00Z,22.046,0
2022-09-06T09:15:00Z,22.046,0
2022-09-06T09:30:00Z,22.046,0
2022-09-06T09:45:00Z,22.046,0
2022-09-06T10:00:00Z,21.951,0
2022-09-06T10:15:00Z,21.951,0
2022-09-06T10:30:00Z,21.951,0
2022-09-06T10:45:00Z,21.951,0
2022-09-06T11:00:00Z,21.951,0
2022-09-06T11:15:00Z,21.951,0
2022-09-06T11:30:00Z,21.951,3
2022-09-06T11:45:00Z,21.855,10
2022-09-06T12:00:00Z,21.855,24
2022-09-06T12:15:00Z,21.855,36
2022-09-06T12:30:00Z,21.855,60
2022-09-06T12:45:00Z,21.951,88
2022-09-06T13:00:00Z,21.951,112
2022-09-06T13:15:00Z,21.951,168
2022-09-06T13:30:00Z,21.951,176
2022-09-06T13:45:00Z,21.951,200
2022-09-06T14:00:00Z,22.142,320
2022-09-06T14:15:00Z,22.142,304
2022-09-06T14:30:00Z,22.142,288
2022-09-06T14:45:00Z,22.142,304
2022-09-06T15:00:00Z,22.142,320
2022-09-06T15:15:00Z,22.142,368
2022-09-06T15:30:00Z,22.238,368
2022-09-06T15:45:00Z,22.238,384
2022-09-06T16:00:00Z,22.333,400
2022-09-06T16:15:00Z,22.333,416
2022-09-06T16:30:00Z,22.333,384
2022-09-06T16:45:00Z,22.429,384
2022-09-06T17:00:00Z,22.429,400
2022-09-06T17:15:00Z,22.429,400
2022-09-06T17:30:00Z,22.621,400
2022-09-06T17:45:00Z,22.908,512
2022-09-06T18:00:00Z,23.004,480
2022-09-06T18:15:00Z,23.196,512
2022-09-06T18:30:00Z,23.196,480
2022-09-06T18:45:00Z,23.388,512
2022-09-06T19:00:00Z,23.388,480
2022-09-06T19:15:00Z,23.581,576
2022-09-06T19:30:00Z,23.677,512
2022-09-06T19:45:00Z,23.773,248
2022-09-06T20:00:00Z,23.869,480
2022-09-06T20:15:00Z,23.966,432
2022-09-06T20:30:00Z,24.158,480
2022-09-06T20:45:00Z,24.062,480
2022-09-06T21:00:00Z,24.158,256
2022-09-06T21:15:00Z,24.158,216
2022-09-06T21:30:00Z,24.158,400
2022-09-06T21:45:00Z,24.158,352
2022-09-06T22:00:00Z,24.158,320
2022-09-06T22:15:00Z,24.062,288
2022-09-06T22:30:00Z,24.158,272
2022-09-06T22:45:00Z,24.158,78
2022-09-06T23:00:00Z,24.158,168
2022-09-06T23:15:00Z,24.255,116
2022-09-06T23:30:00Z,24.255,86
2022-09-06T23:45:00Z,24.062,59
2022-09-07T00:00:00Z,24.062,28
2022-09-07T00:15:00Z,24.062,11
2022-09-07T00:30:00Z,24.062,2
2022-09-07T00:45:00Z,23.966,0
2022-09-07T01:00:00Z,23.966,0
2022-09-07T01:15:00Z,23.966,0
2022-09-07T01:30:00Z,23.869,0
2022-09-07T01:45:00Z,23.773,0
2022-09-07T02:00:00Z,23.773,0
2022-09-07T02:15:00Z,23.677,0
2022-09-07T02:30:00Z,23.677,0
2022-09-07T02:45:00Z,23.677,0
2022-09-07T03:00:00Z,23.677,0
2022-09-07T03:15:00Z,23.581,0
2022-09-07T03:30:00Z,23.581,0
2022-09-07T03:45:00Z,23.581,0
2022-09-07T04:00:00Z,23.581,0
2022-09-07T04:15:00Z,23.484,0
2022-09-07T04:30:00Z,23.484,0
2022-09-07T04:45:00Z,23.484,0
2022-09-07T05:00:00Z,23.388,0
2022-09-07T05:15:00Z,23.292,0
2022-09-07T05:30:00Z,23.196,0
2022-09-07T05:45:00Z,23.196,0
2022-09-07T06:00:00Z,23.196,0
2022-09-07T06:15:00Z,23.1,0
2022-09-07T06:30:00Z,23.004,0
2022-09-07T06:45:00Z,23.004,0
2022-09-07T07:00:00Z,23.004,0
2022-09-07T07:15:00Z,23.004,0
2022-09-07T07:30:00Z,22.908,0
2022-09-07T07:45:00Z,22.908,0
2022-09-07T08:00:00Z,22.908,0
2022-09-07T08:15:00Z,22.908,0
2022-09-07T08:30:00Z,22.812,0
2022-09-07T08:45:00Z,22.812,0
2022-09-07T09:00:00Z,22.812,0
2022-09-07T09:15:00Z,22.717,0
2022-09-07T09:30:00Z,22.717,0
2022-09-07T09:45:00Z,22.621,0
2022-09-07T10:00:00Z,22.621,0
2022-09-07T10:15:00Z,22.621,0
2022-09-07T10:30:00Z,22.621,0
2022-09-07T10:45:00Z,22.525,0
2022-09-07T11:00:00Z,22.525,0
2022-09-07T11:15:00Z,22.429,0
2022-09-07T11:30:00Z,22.429,3
2022-09-07T11:45:00Z,22.429,19
2022-09-07T12:00:00Z,22.429,38
2022-09-07T12:15:00Z,22.333,50
2022-09-07T12:30:00Z,22.429,79
2022-09-07T12:45:00Z,22.333,82
2022-09-07T13:00:00Z,22.333,136
2022-09-07T13:15:00Z,22.333,160
2022-09-07T13:30:00Z,22.333,184
2022-09-07T13:45:00Z,22.333,208
2022-09-07T14:00:00Z,22.333,224
2022-09-07T14:15:00Z,22.333,272
2022-09-07T14:30:00Z,22.333,304
2022-09-07T14:45:00Z,22.429,320
2022-09-07T15:00:00Z,22.525,320
2022-09-07T15:15:00Z,22.525,336
2022-09-07T15:30:00Z,22.525,288
2022-09-07T15:45:00Z,22.525,480
2022-09-07T16:00:00Z,22.621,432
2022-09-07T16:15:00Z,22.621,480
2022-09-07T16:30:00Z,22.717,448
2022-09-07T16:45:00Z,23.004,152
2022-09-07T17:00:00Z,23.292,448
2022-09-07T17:15:00Z,23.388,480
2022-09-07T17:30:00Z,23.677,464
2022-09-07T17:45:00Z,23.773,496
2022-09-07T18:00:00Z,23.773,448
2022-09-07T18:15:00Z,23.773,480
2022-09-07T18:30:00Z,23.869,480
2022-09-07T18:45:00Z,23.869,464
2022-09-07T19:00:00Z,23.869,480
2022-09-07T19:15:00Z,23.869,496
2022-09-07T19:30:00Z,23.966,480
2022-09-07T19:45:00Z,24.062,512
2022-09-07T20:00:00Z,24.255,608
2022-09-07T20:15:00Z,24.255,480
2022-09-07T20:30:00Z,24.351,480
2022-09-07T20:45:00Z,24.351,512
2022-09-07T21:00:00Z,24.448,416
2022-09-07T21:15:00Z,24.545,416
2022-09-07T21:30:00Z,24.738,384
2022-09-07T21:45:00Z,24.738,352
2022-09-07T22:00:00Z,24.738,320
2022-09-07T22:15:00Z,24.738,248
2022-09-07T22:30:00Z,24.738,224
2022-09-07T22:45:00Z,24.738,184
2022-09-07T23:00:00Z,24.738,144
2022-09-07T23:15:00Z,24.641,108
2022-09-07T23:30:00Z,24.351,74
2022-09-07T23:45:00Z,24.351,44
2022-09-08T00:00:00Z,24.351,23
2022-09-08T00:15:00Z,24.158,9
2022-09-08T00:30:00Z,24.062,1
2022-09-08T00:45:00Z,24.062,0
2022-09-08T01:00:00Z,24.062,0
2022-09-08T01:15:00Z,24.062,0
2022-09-08T01:30:00Z,24.158,0
2022-09-08T01:45:00Z,24.158,0
2022-09-08T02:00:00Z,23.966,0
2022-09-08T02:15:00Z,24.062,0
2022-09-08T02:30:00Z,24.062,0
2022-09-08T02:45:00Z,23.966,0
2022-09-08T03:00:00Z,23.966,0
2022-09-08T03:15:00Z,23.966,0
2022-09-08T03:30:00Z,23.869,0
2022-09-08T03:45:00Z,23.869,0
2022-09-08T04:00:00Z,23.869,0
2022-09-08T04:15:00Z,23.773,0
2022-09-08T04:30:00Z,23.773,0
2022-09-08T04:45:00Z,23.773,0
2022-09-08T05:00:00Z,23.773,0
2022-09-08T05:15:00Z,23.677,0
2022-09-08T05:30:00Z,23.677,0
2022-09-08T05:45:00Z,23.581,0
2022-09-08T06:00:00Z,23.484,0
2022-09-08T06:15:00Z,23.388,0
2022-09-08T06:30:00Z,23.484,0
2022-09-08T06:45:00Z,23.388,0
2022-09-08T07:00:00Z,23.677,0
2022-09-08T07:15:00Z,23.581,0
2022-09-08T07:30:00Z,23.581,0
2022-09-08T07:45:00Z,23.581,0
2022-09-08T08:00:00Z,23.388,0
2022-09-08T08:15:00Z,23.388,0
2022-09-08T08:30:00Z,23.484,0
2022-09-08T08:45:00Z,23.484,0
2022-09-08T09:00:00Z,23.484,0
2022-09-08T09:15:00Z,23.388,0
2022-09-08T09:30:00Z,23.484,0
2022-09-08T09:45:00Z,23.581,0
2022-09-08T10:00:00Z,23.581,0
2022-09-08T10:15:00Z,23.581,0
2022-09-08T10:30:00Z,23.581,0
2022-09-08T10:45:00Z,23.484,0
2022-09-08T11:00:00Z,23.484,0
2022-09-08T11:15:00Z,23.484,0
2022-09-08T11:30:00Z,23.388,4
2022-09-08T11:45:00Z,23.388,15
2022-09-08T12:00:00Z,23.388,26
2022-09-08T12:15:00Z,23.388,50
2022-09-08T12:30:00Z,23.388,76
2022-09-08T12:45:00Z,23.388,105
2022-09-08T13:00:00Z,23.484,136
2022-09-08T13:15:00Z,23.484,160
2022-09-08T13:30:00Z,23.484,192
2022-09-08T13:45:00Z,23.388,208
2022-09-08T14:00:00Z,23.388,248
2022-09-08T14:15:00Z,23.388,272
2022-09-08T14:30:00Z,23.388,272
2022-09-08T14:45:00Z,23.484,352
2022-09-08T15:00:00Z,23.484,336
2022-09-08T15:15:00Z,23.484,368
2022-09-08T15:30:00Z,23.581,336
2022-09-08T15:45:00Z,23.581,432
2022-09-08T16:00:00Z,23.677,400
2022-09-08T16:15:00Z,23.773,168
2022-09-08T16:30:00Z,23.773,448
2022-09-08T16:45:00Z,23.869,248
2022-09-08T17:00:00Z,23.773,512
2022-09-08T17:15:00Z,23.773,608
2022-09-08T17:30:00Z,23.869,672
2022-09-08T17:45:00Z,23.869,672
2022-09-08T18:00:00Z,23.773,608
2022-09-08T18:15:00Z,23.677,608
2022-09-08T18:30:00Z,23.581,608
2022-09-08T18:45:00Z,23.677,608
2022-09-08T19:00:00Z,23.677,672
2022-09-08T19:15:00Z,23.677,704
2022-09-08T19:30:00Z,23.677,272
2022-09-08T19:45:00Z,23.773,608
2022-09-08T20:00:00Z,23.869,576
2022-09-08T20:15:00Z,23.869,272
2022-09-08T20:30:00Z,23.869,576
2022-09-08T20:45:00Z,23.869,480
2022-09-08T21:00:00Z,23.966,480
2022-09-08T21:15:00Z,23.966,192
2022-09-08T21:30:00Z,24.158,184
2022-09-08T21:45:00Z,24.158,384
2022-09-08T22:00:00Z,24.255,304
2022-09-08T22:15:00Z,24.255,272
2022-09-08T22:30:00Z,24.158,216
2022-09-08T22:45:00Z,24.062,176
2022-09-08T23:00:00Z,24.062,144
2022-09-08T23:15:00Z,23.966,107
2022-09-08T23:30:00Z,23.966,74
2022-09-08T23:45:00Z,23.869,45
2022-09-09T00:00:00Z,23.966,22
2022-09-09T00:15:00Z,23.869,6
2022-09-09T00:30:00Z,23.869,0
2022-09-09T00:45:00Z,23.869,0
2022-09-09T01:00:00Z,23.869,0
2022-09-09T01:15:00Z,23.869,0
2022-09-09T01:30:00Z,23.869,0
2022-09-09T01:45:00Z,23.869,0
2022-09-09T02:00:00Z,23.966,0
2022-09-09T02:15:00Z,23.966,0
2022-09-09T02:30:00Z,23.966,0
2022-09-09T02:45:00Z,23.966,0
2022-09-09T03:00:00Z,23.966,0
2022-09-09T03:15:00Z,23.966,0
2022-09-09T03:30:00Z,23.869,0
2022-09-09T03:45:00Z,23.869,0
2022-09-09T04:00:00Z,23.869,0
2022-09-09T04:15:00Z,23.869,0
2022-09-09T04:30:00Z,23.773,0
2022-09-09T04:45:00Z,23.773,0
2022-09-09T05:00:00Z,23.773,0
2022-09-09T05:15:00Z,23.677,0
2022-09-09T05:30:00Z,23.677,0
2022-09-09T05:45:00Z,23.677,0
2022-09-09T06:00:00Z,23.677,0
2022-09-09T06:15:00Z,23.581,0
2022-09-09T06:30:00Z,23.581,0
2022-09-09T06:45:00Z,23.581,0
2022-09-09T07:00:00Z,23.484,0
2022-09-09T07:15:00Z,23.484,0
2022-09-09T07:30:00Z,23.388,0
2022-09-09T07:45:00Z,23.388,0
2022-09-09T08:00:00Z,23.388,0
2022-09-09T08:15:00Z,23.292,0
2022-09-09T08:30:00Z,23.292,0
2022-09-09T08:45:00Z,23.292,0
2022-09-09T09:00:00Z,23.292,0
2022-09-09T09:15:00Z,23.292,0
2022-09-09T09:30:00Z,23.196,0
2022-09-09T09:45:00Z,23.196,0
2022-09-09T10:00:00Z,23.1,0
2022-09-09T10:15:00Z,23.1,0
2022-09-09T10:30:00Z,23.1,0
2022-09-09T10:45:00Z,23.1,0
2022-09-09T11:00:00Z,23.1,0
2022-09-09T11:15:00Z,23.004,0
2022-09-09T11:30:00Z,23.004,2
2022-09-09T11:45:00Z,23.004,12
2022-09-09T12:00:00Z,23.004,25
2022-09-09T12:15:00Z,23.004,42
2022-09-09T12:30:00Z,22.908,56
2022-09-09T12:45:00Z,23.004,67
2022-09-09T13:00:00Z,22.908,91
2022-09-09T13:15:00Z,22.908,111
2022-09-09T13:30:00Z,23.004,144
2022-09-09T13:45:00Z,23.004,128
2022-09-09T14:00:00Z,23.004,176
2022-09-09T14:15:00Z,23.004,176
2022-09-09T14:30:00Z,23.004,200
2022-09-09T14:45:00Z,23.1,216
2022-09-09T15:00:00Z,23.1,248
2022-09-09T15:15:00Z,23.1,232
2022-09-09T15:30:00Z,23.196,272
2022-09-09T15:45:00Z,23.196,288
2022-09-09T16:00:00Z,23.196,304
2022-09-09T16:15:00Z,23.292,336
2022-09-09T16:30:00Z,23.292,320
2022-09-09T16:45:00Z,23.292,336
2022-09-09T17:00:00Z,23.388,352
2022-09-09T17:15:00Z,23.484,480
2022-09-09T17:30:00Z,23.484,432
2022-09-09T17:45:00Z,23.484,416
2022-09-09T18:00:00Z,23.581,416
2022-09-09T18:15:00Z,23.581,512
2022-09-09T18:30:00Z,23.677,512
2022-09-09T18:45:00Z,23.773,512
2022-09-09T19:00:00Z,23.773,480
2022-09-09T19:15:00Z,23.773,464
2022-09-09T19:30:00Z,23.869,512
2022-09-09T19:45:00Z,23.966,496
2022-09-09T20:00:00Z,23.966,496
2022-09-09T20:15:00Z,23.966,480
2022-09-09T20:30:00Z,24.062,464
2022-09-09T20:45:00Z,24.062,480
2022-09-09T21:00:00Z,24.062,480
2022-09-09T21:15:00Z,24.062,400
2022-09-09T21:30:00Z,24.158,368
2022-09-09T21:45:00Z,24.158,352
2022-09-09T22:00:00Z,24.062,320
2022-09-09T22:15:00Z,24.062,288
2022-09-09T22:30:00Z,24.062,248
2022-09-09T22:45:00Z,24.062,176
2022-09-09T23:00:00Z,23.966,136
2022-09-09T23:15:00Z,23.966,98
2022-09-09T23:30:00Z,23.966,58
2022-09-09T23:45:00Z,23.966,26
2022-09-10T00:00:00Z,23.869,12
2022-09-10T00:15:00Z,23.869,3
2022-09-10T00:30:00Z,23.869,0
2022-09-10T00:45:00Z,23.869,0
2022-09-10T01:00:00Z,23.869,0
2022-09-10T01:15:00Z,23.773,0
2022-09-10T01:30:00Z,23.773,0
2022-09-10T01:45:00Z,23.773,0
2022-09-10T02:00:00Z,23.773,0
2022-09-10T02:15:00Z,23.773,0
2022-09-10T02:30:00Z,23.773,0
2022-09-10T02:45:00Z,23.773,0
2022-09-10T03:00:00Z,23.677,0
2022-09-10T03:15:00Z,23.677,0
2022-09-10T03:30:00Z,23.677,0
2022-09-10T03:45:00Z,23.677,0
2022-09-10T04:00:00Z,23.677,0
2022-09-10T04:15:00Z,23.677,0
2022-09-10T04:30:00Z,23.677,0
2022-09-10T04:45:00Z,23.677,0
2022-09-10T05:00:00Z,23.581,0
2022-09-10T05:15:00Z,23.581,0
2022-09-10T05:30:00Z,23.581,0
2022-09-10T05:45:00Z,23.581,0
2022-09-10T06:00:00Z,23.581,0
2022-09-10T06:15:00Z,23.581,0
2022-09-10T06:30:00Z,23.484,0
2022-09-10T06:45:00Z,23.484,0
2022-09-10T07:00:00Z,23.484,0
2022-09-10T07:15:00Z,23.484,0
2022-09-10T07:30:00Z,23.484,0
2022-09-10T07:45:00Z,23.484,0
2022-09-10T08:00:00Z,23.388,0
2022-09-10T08:15:00Z,23.388,0
2022-09-10T08:30:00Z,23.388,0
2022-09-10T08:45:00Z,23.388,0
2022-09-10T09:00:00Z,23.388,0
2022-09-10T09:15:00Z,23.388,0
2022-09-10T09:30:00Z,23.388,0
2022-09-10T09:45:00Z,23.292,0
2022-09-10T10:00:00Z,23.292,0
2022-09-10T10:15:00Z,23.292,0
2022-09-10T10:30:00Z,23.292,0
2022-09-10T10:45:00Z,23.292,0
2022-09-10T11:00:00Z,23.292,0
2022-09-10T11:15:00Z,23.292,0
2022-09-10T11:30:00Z,23.292,1
2022-09-10T11:45:00Z,23.196,8
2022-09-10T12:00:00Z,23.292,20
2022-09-10T12:15:00Z,23.292,34
2022-09-10T12:30:00Z,23.292,62
2022-09-10T12:45:00Z,23.292,83
2022-09-10T13:00:00Z,23.292,107
2022-09-10T13:15:00Z,23.388,160
2022-09-10T13:30:00Z,23.388,184
2022-09-10T13:45:00Z,23.388,200
2022-09-10T14:00:00Z,23.388,144
2022-09-10T14:15:00Z,23.388,128
2022-09-10T14:30:00Z,23.484,240
2022-09-10T14:45:00Z,23.484,216
2022-09-10T15:00:00Z,23.581,336
2022-09-10T15:15:00Z,23.581,304
2022-09-10T15:30:00Z,23.581,248
2022-09-10T15:45:00Z,23.677,288
2022-09-10T16:00:00Z,23.773,480
2022-09-10T16:15:00Z,23.966,512
2022-09-10T16:30:00Z,23.773,152
2022-09-10T16:45:00Z,23.773,248
2022-09-10T17:00:00Z,23.677,216
2022-09-10T17:15:00Z,23.677,224
2022-09-10T17:30:00Z,23.773,320
2022-09-10T17:45:00Z,23.773,224
2022-09-10T18:00:00Z,23.869,448
2022-09-10T18:15:00Z,23.966,336
2022-09-10T18:30:00Z,23.966,464
2022-09-10T18:45:00Z,24.062,368
2022-09-10T19:00:00Z,24.062,240
2022-09-10T19:15:00Z,24.062,256
2022-09-10T19:30:00Z,24.255,416
2022-09-10T19:45:00Z,24.062,256
2022-09-10T20:00:00Z,24.062,168
2022-09-10T20:15:00Z,24.062,256
2022-09-10T20:30:00Z,23.966,192
2022-09-10T20:45:00Z,23.966,126
2022-09-10T21:00:00Z,23.966,160
2022-09-10T21:15:00Z,23.966,152
2022-09-10T21:30:00Z,24.062,480
2022-09-10T21:45:00Z,24.062,232
2022-09-10T22:00:00Z,23.966,48
2022-09-10T22:15:00Z,23.966,52
2022-09-10T22:30:00Z,23.966,88
2022-09-10T22:45:00Z,23.966,71
2022-09-10T23:00:00Z,23.869,46
2022-09-10T23:15:00Z,23.869,24
2022-09-10T23:30:00Z,23.869,17
2022-09-10T23:45:00Z,23.869,10
2022-09-11T00:00:00Z,23.869,1
2022-09-11T00:15:00Z,23.773,0
2022-09-11T00:30:00Z,23.773,0
2022-09-11T00:45:00Z,23.773,0
2022-09-11T01:00:00Z,23.773,0
2022-09-11T01:15:00Z,23.677,0
2022-09-11T01:30:00Z,23.677,0
2022-09-11T01:45:00Z,23.677,0
2022-09-11T02:00:00Z,23.677,0
2022-09-11T02:15:00Z,23.677,0
2022-09-11T02:30:00Z,23.677,0
2022-09-11T02:45:00Z,23.581,0
2022-09-11T03:00:00Z,23.581,0
2022-09-11T03:15:00Z,23.484,0
2022-09-11T03:30:00Z,23.484,0
2022-09-11T03:45:00Z,23.484,0
2022-09-11T04:00:00Z,23.388,0
2022-09-11T04:15:00Z,23.388,0
2022-09-11T04:30:00Z,23.388,0
2022-09-11T04:45:00Z,23.388,0
2022-09-11T05:00:00Z,23.292,0
2022-09-11T05:15:00Z,23.292,0
2022-09-11T05:30:00Z,23.292,0
2022-09-11T05:45:00Z,23.292,0
2022-09-11T06:00:00Z,23.196,0
2022-09-11T06:15:00Z,23.196,0
2022-09-11T06:30:00Z,23.196,0
2022-09-11T06:45:00Z,23.196,0
2022-09-11T07:00:00Z,23.1,0
2022-09-11T07:15:00Z,23.196,0
2022-09-11T07:30:00Z,23.1,0
2022-09-11T07:45:00Z,23.1,0
2022-09-11T08:00:00Z,23.1,0
2022-09-11T08:15:00Z,23.1,0
2022-09-11T08:30:00Z,23.004,0
2022-09-11T08:45:00Z,23.004,0
2022-09-11T09:00:00Z,23.004,0
2022-09-11T09:15:00Z,23.004,0
2022-09-11T09:30:00Z,23.004,0
2022-09-11T09:45:00Z,22.908,0
2022-09-11T10:00:00Z,22.908,0
2022-09-11T10:15:00Z,22.812,0
2022-09-11T10:30:00Z,22.812,0
2022-09-11T10:45:00Z,22.812,0
2022-09-11T11:00:00Z,22.812,0
2022-09-11T11:15:00Z,22.812,0
2022-09-11T11:30:00Z,22.717,0
2022-09-11T11:45:00Z,22.717,0
2022-09-11T12:00:00Z,22.717,2
2022-09-11T12:15:00Z,22.621,4
2022-09-11T12:30:00Z,22.621,5
2022-09-11T12:45:00Z,22.621,5
2022-09-11T13:00:00Z,22.525,9
2022-09-11T13:15:00Z,22.525,12
2022-09-11T13:30:00Z,22.429,11
2022-09-11T13:45:00Z,22.429,10
2022-09-11T14:00:00Z,22.429,22
2022-09-11T14:15:00Z,22.429,27
2022-09-11T14:30:00Z,22.429,23
2022-09-11T14:45:00Z,22.429,16
2022-09-11T15:00:00Z,22.333,40
2022-09-11T15:15:00Z,22.333,34
2022-09-11T15:30:00Z,22.238,49
2022-09-11T15:45:00Z,22.238,52
2022-09-11T16:00:00Z,22.238,59
2022-09-11T16:15:00Z,22.142,60
2022-09-11T16:30:00Z,22.142,52
2022-09-11T16:45:00Z,22.142,46
2022-09-11T17:00:00Z,22.142,51
2022-09-11T17:15:00Z,22.142,103
2022-09-11T17:30:00Z,22.142,79
2022-09-11T17:45:00Z,22.046,55
2022-09-11T18:00:00Z,22.046,55
2022-09-11T18:15:00Z,22.046,48
2022-09-11T18:30:00Z,21.951,34
2022-09-11T18:45:00Z,21.951,35
2022-09-11T19:00:00Z,21.951,34
2022-09-11T19:15:00Z,21.855,24
2022-09-11T19:30:00Z,21.855,21
2022-09-11T19:45:00Z,21.855,21
2022-09-11T20:00:00Z,21.855,33
2022-09-11T20:15:00Z,21.855,52
2022-09-11T20:30:00Z,21.76,24
2022-09-11T20:45:00Z,21.76,13
2022-09-11T21:00:00Z,21.76,5
2022-09-11T21:15:00Z,21.76,7
2022-09-11T21:30:00Z,21.664,10
2022-09-11T21:45:00Z,21.664,12
2022-09-11T22:00:00Z,21.664,9
2022-09-11T22:15:00Z,21.664,8
2022-09-11T22:30:00Z,21.664,9
2022-09-11T22:45:00Z,21.569,9
2022-09-11T23:00:00Z,21.569,6
2022-09-11T23:15:00Z,21.569,4
2022-09-11T23:30:00Z,21.569,3
2022-09-11T23:45:00Z,21.569,1
2022-09-12T00:00:00Z,21.473,0
2022-09-12T00:15:00Z,21.473,0
2022-09-12T00:30:00Z,21.378,0
2022-09-12T00:45:00Z,21.378,0
2022-09-12T01:00:00Z,21.378,0
2022-09-12T01:15:00Z,21.378,0
2022-09-12T01:30:00Z,21.282,0
2022-09-12T01:45:00Z,21.282,0
2022-09-12T02:00:00Z,21.282,0
2022-09-12T02:15:00Z,21.187,0
2022-09-12T02:30:00Z,21.187,0
2022-09-12T02:45:00Z,21.187,0
2022-09-12T03:00:00Z,21.091,0
2022-09-12T03:15:00Z,21.091,0
2022-09-12T03:30:00Z,21.091,0
2022-09-12T03:45:00Z,21.091,0
2022-09-12T04:00:00Z,20.996,0
2022-09-12T04:15:00Z,20.996,0
2022-09-12T04:30:00Z,20.996,0
2022-09-12T04:45:00Z,20.901,0
2022-09-12T05:00:00Z,20.901,0
2022-09-12T05:15:00Z,20.901,0
2022-09-12T05:30:00Z,20.901,0
2022-09-12T05:45:00Z,20.901,0
2022-09-12T06:00:00Z,20.901,0
2022-09-12T06:15:00Z,20.901,0
2022-09-12T06:30:00Z,20.901,0
2022-09-12T06:45:00Z,20.805,0
2022-09-12T07:00:00Z,20.805,0
2022-09-12T07:15:00Z,20.805,0
2022-09-12T07:30:00Z,20.805,0
2022-09-12T07:45:00Z,20.805,0
2022-09-12T08:00:00Z,20.71,0
2022-09-12T08:15:00Z,20.71,0
2022-09-12T08:30:00Z,20.71,0
2022-09-12T08:45:00Z,20.615,0
2022-09-12T09:00:00Z,20.615,0
2022-09-12T09:15:00Z,20.615,0
2022-09-12T09:30:00Z,20.519,0
2022-09-12T09:45:00Z,20.519,0
2022-09-12T10:00:00Z,20.519,0
2022-09-12T10:15:00Z,20.519,0
2022-09-12T10:30:00Z,20.424,0
2022-09-12T10:45:00Z,20.424,0
2022-09-12T11:00:00Z,20.424,0
2022-09-12T11:15:00Z,20.424,0
2022-09-12T11:30:00Z,20.329,0
2022-09-12T11:45:00Z,20.329,0
2022-09-12T12:00:00Z,20.329,1
2022-09-12T12:15:00Z,20.234,4
2022-09-12T12:30:00Z,20.234,4
2022-09-12T12:45:00Z,20.234,5
2022-09-12T13:00:00Z,20.234,9
2022-09-12T13:15:00Z,20.234,14
2022-09-12T13:30:00Z,20.138,14
2022-09-12T13:45:00Z,20.138,26
2022-09-12T14:00:00Z,20.138,43
2022-09-12T14:15:00Z,20.138,29
2022-09-12T14:30:00Z,20.138,43
2022-09-12T14:45:00Z,20.138,33
2022-09-12T15:00:00Z,20.138,38
2022-09-12T15:15:00Z,20.138,51
2022-09-12T15:30:00Z,20.043,44
2022-09-12T15:45:00Z,20.043,50
2022-09-12T16:00:00Z,20.043,60
2022-09-12T16:15:00Z,20.043,85
2022-09-12T16:30:00Z,20.043,63
2022-09-12T16:45:00Z,20.043,89
2022-09-12T17:00:00Z,20.043,128
2022-09-12T17:15:00Z,20.043,144
2022-09-12T17:30:00Z,20.043,224
2022-09-12T17:45:00Z,20.043,144
2022-09-12T18:00:00Z,20.043,136
2022-09-12T18:15:00Z,19.948,110
2022-09-12T18:30:00Z,19.948,118
2022-09-12T18:45:00Z,19.948,88
2022-09-12T19:00:00Z,19.948,91
2022-09-12T19:15:00Z,19.948,68
2022-09-12T19:30:00Z,19.948,41
2022-09-12T19:45:00Z,19.948,44
2022-09-12T20:00:00Z,19.948,67
2022-09-12T20:15:00Z,19.853,59
2022-09-12T20:30:00Z,19.853,39
2022-09-12T20:45:00Z,19.853,53
2022-09-12T21:00:00Z,19.853,36
2022-09-12T21:15:00Z,19.853,34
2022-09-12T21:30:00Z,19.853,30
2022-09-12T21:45:00Z,19.758,26
2022-09-12T22:00:00Z,19.758,34
2022-09-12T22:15:00Z,19.758,43
2022-09-12T22:30:00Z,19.758,34
2022-09-12T22:45:00Z,19.758,40
2022-09-12T23:00:00Z,19.758,21
2022-09-12T23:15:00Z,19.758,9
2022-09-12T23:30:00Z,19.758,4
2022-09-12T23:45:00Z,19.662,2
2022-09-13T00:00:00Z,19.662,1
2022-09-13T00:15:00Z,19.662,0
2022-09-13T00:30:00Z,19.662,0
2022-09-13T00:45:00Z,19.662,0
2022-09-13T01:00:00Z,19.662,0
2022-09-13T01:15:00Z,19.662,0
2022-09-13T01:30:00Z,19.567,0
2022-09-13T01:45:00Z,19.567,0
2022-09-13T02:00:00Z,19.567,0
2022-09-13T02:15:00Z,19.567,0
2022-09-13T02:30:00Z,19.567,0
2022-09-13T02:45:00Z,19.567,0
2022-09-13T03:00:00Z,19.567,0
2022-09-13T03:15:00Z,19.567,0
2022-09-13T03:30:00Z,19.567,0
2022-09-13T03:45:00Z,19.567,0
2022-09-13T04:00:00Z,19.567,0
2022-09-13T04:15:00Z,19.472,0
2022-09-13T04:30:00Z,19.472,0
2022-09-13T04:45:00Z,19.472,0
2022-09-13T05:00:00Z,19.472,0
2022-09-13T05:15:00Z,19.472,0
2022-09-13T05:30:00Z,19.472,0
2022-09-13T05:45:00Z,19.472,0
2022-09-13T06:00:00Z,19.472,0
2022-09-13T06:15:00Z,19.472,0
2022-09-13T06:30:00Z,19.472,0
2022-09-13T06:45:00Z,19.377,0
2022-09-13T07:00:00Z,19.377,0
2022-09-13T07:15:00Z,19.377,0
2022-09-13T07:30:00Z,19.377,0
2022-09-13T07:45:00Z,19.377,0
2022-09-13T08:00:00Z,19.377,0
2022-09-13T08:15:00Z,19.377,0
2022-09-13T08:30:00Z,19.282,0
2022-09-13T08:45:00Z,19.282,0
2022-09-13T09:00:00Z,19.282,0
2022-09-13T09:15:00Z,19.282,0
2022-09-13T09:30:00Z,19.282,0
2022-09-13T09:45:00Z,19.282,0
2022-09-13T10:00:00Z,19.282,0
2022-09-13T10:15:00Z,19.282,0
2022-09-13T10:30:00Z,19.187,0
2022-09-13T10:45:00Z,19.187,0
2022-09-13T11:00:00Z,19.187,0
2022-09-13T11:15:00Z,19.187,0
2022-09-13T11:30:00Z,19.187,0
2022-09-13T11:45:00Z,19.187,4
2022-09-13T12:00:00Z,19.187,12
2022-09-13T12:15:00Z,19.187,20
2022-09-13T12:30:00Z,19.187,30
2022-09-13T12:45:00Z,19.187,40
2022-09-13T13:00:00Z,19.187,48
2022-09-13T13:15:00Z,19.187,57
2022-09-13T13:30:00Z,19.187,67
2022-09-13T13:45:00Z,19.187,79
2022-09-13T14:00:00Z,19.187,95
2022-09-13T14:15:00Z,19.282,98
2022-09-13T14:30:00Z,19.282,111
2022-09-13T14:45:00Z,19.377,116
2022-09-13T15:00:00Z,19.377,120
2022-09-13T15:15:00Z,19.377,136
2022-09-13T15:30:00Z,19.472,144
2022-09-13T15:45:00Z,19.472,152
2022-09-13T16:00:00Z,19.472,168
2022-09-13T16:15:00Z,19.567,176
2022-09-13T16:30:00Z,19.662,192
2022-09-13T16:45:00Z,19.662,184
2022-09-13T17:00:00Z,19.758,232
2022-09-13T17:15:00Z,19.853,216
2022-09-13T17:30:00Z,19.853,208
2022-09-13T17:45:00Z,19.853,248
2022-09-13T18:00:00Z,20.043,240
2022-09-13T18:15:00Z,20.043,256
2022-09-13T18:30:00Z,20.138,272
2022-09-13T18:45:00Z,20.234,256
2022-09-13T19:00:00Z,20.138,304
2022-09-13T19:15:00Z,20.329,272
2022-09-13T19:30:00Z,20.234,272
2022-09-13T19:45:00Z,20.424,272
2022-09-13T20:00:00Z,20.519,256
2022-09-13T20:15:00Z,20.519,256
2022-09-13T20:30:00Z,20.615,240
2022-09-13T20:45:00Z,20.615,232
2022-09-13T21:00:00Z,20.71,208
2022-09-13T21:15:00Z,20.805,288
2022-09-13T21:30:00Z,20.901,304
2022-09-13T21:45:00Z,20.901,304
2022-09-13T22:00:00Z,20.901,232
2022-09-13T22:15:00Z,20.901,192
2022-09-13T22:30:00Z,20.901,144
2022-09-13T22:45:00Z,20.901,114
2022-09-13T23:00:00Z,20.901,81
2022-09-13T23:15:00Z,20.901,53
2022-09-13T23:30:00Z,20.901,32
2022-09-13T23:45:00Z,20.901,16
2022-09-14T00:00:00Z,20.901,6
2022-09-14T00:15:00Z,20.805,0
2022-09-14T00:30:00Z,20.805,0
2022-09-14T00:45:00Z,20.805,0
2022-09-14T01:00:00Z,20.805,0
2022-09-14T01:15:00Z,20.805,0
2022-09-14T01:30:00Z,20.71,0
2022-09-14T01:45:00Z,20.71,0
2022-09-14T02:00:00Z,20.71,0
2022-09-14T02:15:00Z,20.71,0
2022-09-14T02:30:00Z,20.71,0
2022-09-14T02:45:00Z,20.71,0
2022-09-14T03:00:00Z,20.615,0
2022-09-14T03:15:00Z,20.615,0
2022-09-14T03:30:00Z,20.519,0
2022-09-14T03:45:00Z,20.519,0
2022-09-14T04:00:00Z,20.424,0
2022-09-14T04:15:00Z,20.424,0
2022-09-14T04:30:00Z,20.424,0
2022-09-14T04:45:00Z,20.424,0
2022-09-14T05:00:00Z,20.424,0
2022-09-14T05:15:00Z,20.424,0
2022-09-14T05:30:00Z,20.329,0
2022-09-14T05:45:00Z,20.329,0
2022-09-14T06:00:00Z,20.329,0
2022-09-14T06:15:00Z,20.329,0
2022-09-14T06:30:00Z,20.329,0
2022-09-14T06:45:00Z,20.329,0
2022-09-14T07:00:00Z,20.234,0
2022-09-14T07:15:00Z,20.234,0
2022-09-14T07:30:00Z,20.234,0
2022-09-14T07:45:00Z,20.138,0
2022-09-14T08:00:00Z,20.138,0
2022-09-14T08:15:00Z,20.138,0
2022-09-14T08:30:00Z,20.043,0
2022-09-14T08:45:00Z,20.043,0
2022-09-14T09:00:00Z,20.043,0
2022-09-14T09:15:00Z,19.948,0
2022-09-14T09:30:00Z,19.948,0
2022-09-14T09:45:00Z,19.948,0
2022-09-14T10:00:00Z,19.948,0
2022-09-14T10:15:00Z,19.853,0
2022-09-14T10:30:00Z,19.853,0
2022-09-14T10:45:00Z,19.853,0
2022-09-14T11:00:00Z,19.853,0
2022-09-14T11:15:00Z,19.758,0
2022-09-14T11:30:00Z,19.758,0
2022-09-14T11:45:00Z,19.758,3
2022-09-14T12:00:00Z,19.758,10
2022-09-14T12:15:00Z,19.662,20
2022-09-14T12:30:00Z,19.662,31
2022-09-14T12:45:00Z,19.662,43
2022-09-14T13:00:00Z,19.567,58
2022-09-14T13:15:00Z,19.662,75
2022-09-14T13:30:00Z,19.567,92
2022-09-14T13:45:00Z,19.567,112
2022-09-14T14:00:00Z,19.662,136
2022-09-14T14:15:00Z,19.758,160
2022-09-14T14:30:00Z,19.758,184
2022-09-14T14:45:00Z,19.853,216
2022-09-14T15:00:00Z,19.853,248
2022-09-14T15:15:00Z,19.948,256
2022-09-14T15:30:00Z,19.948,320
2022-09-14T15:45:00Z,19.948,416
2022-09-14T16:00:00Z,20.043,384
2022-09-14T16:15:00Z,19.758,400
2022-09-14T16:30:00Z,19.758,448
2022-09-14T16:45:00Z,19.853,384
2022-09-14T17:00:00Z,19.948,400
2022-09-14T17:15:00Z,20.138,416
2022-09-14T17:30:00Z,20.234,448
2022-09-14T17:45:00Z,20.424,464
2022-09-14T18:00:00Z,20.519,464
2022-09-14T18:15:00Z,20.519,480
2022-09-14T18:30:00Z,20.519,496
2022-09-14T18:45:00Z,20.901,576
2022-09-14T19:00:00Z,20.901,432
2022-09-14T19:15:00Z,21.091,416
2022-09-14T19:30:00Z,21.187,384
2022-09-14T19:45:00Z,21.187,320
2022-09-14T20:00:00Z,21.378,368
2022-09-14T20:15:00Z,21.378,320
2022-09-14T20:30:00Z,21.473,240
2022-09-14T20:45:00Z,21.473,248
2022-09-14T21:00:00Z,21.569,224
2022-09-14T21:15:00Z,21.569,200
2022-09-14T21:30:00Z,21.569,152
2022-09-14T21:45:00Z,21.569,152
2022-09-14T22:00:00Z,21.569,128
2022-09-14T22:15:00Z,21.473,119
2022-09-14T22:30:00Z,21.473,100
2022-09-14T22:45:00Z,21.473,84
2022-09-14T23:00:00Z,21.473,56
2022-09-14T23:15:00Z,21.569,38
2022-09-14T23:30:00Z,21.473,23
2022-09-14T23:45:00Z,21.378,10
2022-09-15T00:00:00Z,21.473,6
2022-09-15T00:15:00Z,21.473,0
2022-09-15T00:30:00Z,21.473,0
2022-09-15T00:45:00Z,21.473,0
2022-09-15T01:00:00Z,21.473,0
2022-09-15T01:15:00Z,21.473,0
2022-09-15T01:30:00Z,21.282,0
2022-09-15T01:45:00Z,21.378,0
2022-09-15T02:00:00Z,21.378,0
2022-09-15T02:15:00Z,21.378,0
2022-09-15T02:30:00Z,21.378,0
2022-09-15T02:45:00Z,21.378,0
2022-09-15T03:00:00Z,21.378,0
2022-09-15T03:15:00Z,21.282,0
2022-09-15T03:30:00Z,21.282,0
2022-09-15T03:45:00Z,21.282,0
2022-09-15T04:00:00Z,21.282,0
2022-09-15T04:15:00Z,21.187,0
2022-09-15T04:30:00Z,21.187,0
2022-09-15T04:45:00Z,21.187,0
2022-09-15T05:00:00Z,21.187,0
2022-09-15T05:15:00Z,21.187,0
2022-09-15T05:30:00Z,21.187,0
2022-09-15T05:45:00Z,21.187,0
2022-09-15T06:00:00Z,21.187,0
2022-09-15T06:15:00Z,21.187,0
2022-09-15T06:30:00Z,21.091,0
2022-09-15T06:45:00Z,21.091,0
2022-09-15T07:00:00Z,21.091,0
2022-09-15T07:15:00Z,20.996,0
2022-09-15T07:30:00Z,20.996,0
2022-09-15T07:45:00Z,20.996,0
2022-09-15T08:00:00Z,20.901,0
2022-09-15T08:15:00Z,20.901,0
2022-09-15T08:30:00Z,20.805,0
2022-09-15T08:45:00Z,20.805,0
2022-09-15T09:00:00Z,20.805,0
2022-09-15T09:15:00Z,20.805,0
2022-09-15T09:30:00Z,20.71,0
2022-09-15T09:45:00Z,20.71,0
2022-09-15T10:00:00Z,20.71,0
2022-09-15T10:15:00Z,20.71,0
2022-09-15T10:30:00Z,20.71,0
2022-09-15T10:45:00Z,20.615,0
2022-09-15T11:00:00Z,20.615,0
2022-09-15T11:15:00Z,20.615,0
2022-09-15T11:30:00Z,20.615,0
2022-09-15T11:45:00Z,20.519,2
2022-09-15T12:00:00Z,20.519,6
2022-09-15T12:15:00Z,20.615,17
2022-09-15T12:30:00Z,20.615,27
2022-09-15T12:45:00Z,20.615,37
2022-09-15T13:00:00Z,20.615,53
2022-09-15T13:15:00Z,20.615,68
2022-09-15T13:30:00Z,20.615,78
2022-09-15T13:45:00Z,20.615,85
2022-09-15T14:00:00Z,20.71,98
2022-09-15T14:15:00Z,20.71,114
2022-09-15T14:30:00Z,20.71,113
2022-09-15T14:45:00Z,20.805,136
2022-09-15T15:00:00Z,20.805,128
2022-09-15T15:15:00Z,20.901,144
2022-09-15T15:30:00Z,20.901,128
2022-09-15T15:45:00Z,20.996,152
2022-09-15T16:00:00Z,21.091,176
2022-09-15T16:15:00Z,21.091,208
2022-09-15T16:30:00Z,21.091,216
2022-09-15T16:45:00Z,21.187,184
2022-09-15T17:00:00Z,21.187,200
2022-09-15T17:15:00Z,21.282,256
2022-09-15T17:30:00Z,21.282,224
2022-09-15T17:45:00Z,21.282,208
2022-09-15T18:00:00Z,21.282,240
2022-09-15T18:15:00Z,21.282,216
2022-09-15T18:30:00Z,21.282,120
2022-09-15T18:45:00Z,21.378,184
2022-09-15T19:00:00Z,21.473,400
2022-09-15T19:15:00Z,21.473,384
2022-09-15T19:30:00Z,21.473,368
2022-09-15T19:45:00Z,21.664,368
2022-09-15T20:00:00Z,21.664,336
2022-09-15T20:15:00Z,21.76,320
2022-09-15T20:30:00Z,21.76,352
2022-09-15T20:45:00Z,21.855,256
2022-09-15T21:00:00Z,21.76,256
2022-09-15T21:15:00Z,21.664,288
2022-09-15T21:30:00Z,21.282,224
2022-09-15T21:45:00Z,21.569,168
2022-09-15T22:00:00Z,21.76,192
2022-09-15T22:15:00Z,21.76,176
2022-09-15T22:30:00Z,21.664,95
2022-09-15T22:45:00Z,21.664,81
2022-09-15T23:00:00Z,21.76,95
2022-09-15T23:15:00Z,21.664,56
2022-09-15T23:30:00Z,21.664,29
2022-09-15T23:45:00Z,21.569,11
2022-09-16T00:00:00Z,21.569,3
2022-09-16T00:15:00Z,21.569,0
2022-09-16T00:30:00Z,21.378,0
2022-09-16T00:45:00Z,21.378,0
2022-09-16T01:00:00Z,21.378,0
2022-09-16T01:15:00Z,21.473,0
2022-09-16T01:30:00Z,21.473,0
2022-09-16T01:45:00Z,21.569,0
2022-09-16T02:00:00Z,21.569,0
2022-09-16T02:15:00Z,21.569,0
2022-09-16T02:30:00Z,21.569,0
2022-09-16T02:45:00Z,21.569,0
2022-09-16T03:00:00Z,21.569,0
2022-09-16T03:15:00Z,21.664,0
2022-09-16T03:30:00Z,21.569,0
2022-09-16T03:45:00Z,21.569,0
2022-09-16T04:00:00Z,21.569,0
2022-09-16T04:15:00Z,21.569,0
2022-09-16T04:30:00Z,21.473,0
2022-09-16T04:45:00Z,21.473,0
2022-09-16T05:00:00Z,21.473,0
2022-09-16T05:15:00Z,21.473,0
2022-09-16T05:30:00Z,21.473,0
2022-09-16T05:45:00Z,21.378,0
2022-09-16T06:00:00Z,21.378,0
2022-09-16T06:15:00Z,21.378,0
2022-09-16T06:30:00Z,21.378,0
2022-09-16T06:45:00Z,21.282,0
2022-09-16T07:00:00Z,21.282,0
2022-09-16T07:15:00Z,21.282,0
2022-09-16T07:30:00Z,21.282,0
2022-09-16T07:45:00Z,21.187,0
2022-09-16T08:00:00Z,21.187,0
2022-09-16T08:15:00Z,21.187,0
2022-09-16T08:30:00Z,21.091,0
2022-09-16T08:45:00Z,21.091,0
2022-09-16T09:00:00Z,21.091,0
2022-09-16T09:15:00Z,20.996,0
2022-09-16T09:30:00Z,20.996,0
2022-09-16T09:45:00Z,20.996,0
2022-09-16T10:00:00Z,20.996,0
2022-09-16T10:15:00Z,20.901,0
2022-09-16T10:30:00Z,20.901,0
2022-09-16T10:45:00Z,20.901,0
2022-09-16T11:00:00Z,20.901,0
2022-09-16T11:15:00Z,20.901,0
2022-09-16T11:30:00Z,20.805,0
2022-09-16T11:45:00Z,20.805,1
2022-09-16T12:00:00Z,20.805,10
2022-09-16T12:15:00Z,20.805,28
2022-09-16T12:30:00Z,20.805,46
2022-09-16T12:45:00Z,20.805,66
2022-09-16T13:00:00Z,20.901,88
2022-09-16T13:15:00Z,20.901,87
2022-09-16T13:30:00Z,20.901,92
2022-09-16T13:45:00Z,20.901,85
2022-09-16T14:00:00Z,20.901,106
2022-09-16T14:15:00Z,20.996,89
2022-09-16T14:30:00Z,20.996,77
2022-09-16T14:45:00Z,21.091,128
2022-09-16T15:00:00Z,21.091,128
2022-09-16T15:15:00Z,21.091,152
2022-09-16T15:30:00Z,21.091,152
2022-09-16T15:45:00Z,21.282,152
2022-09-16T16:00:00Z,21.282,184
2022-09-16T16:15:00Z,21.282,192
2022-09-16T16:30:00Z,21.378,224
2022-09-16T16:45:00Z,21.473,256
2022-09-16T17:00:00Z,21.473,248
2022-09-16T17:15:00Z,21.569,288
2022-09-16T18:00:00Z,21.855,464
2022-09-16T18:15:00Z,22.142,1792
2022-09-16T18:30:00Z,22.046,512
2022-09-16T18:45:00Z,22.142,1920
2022-09-16T19:00:00Z,22.142,1728
2022-09-16T19:15:00Z,22.238,1984
2022-09-16T19:30:00Z,22.238,1728
2022-09-16T19:45:00Z,22.333,1536
2022-09-16T20:00:00Z,22.429,1920
2022-09-16T20:15:00Z,22.525,1792
2022-09-16T20:30:00Z,22.429,1600
2022-09-16T20:45:00Z,22.429,1216
2022-09-16T21:00:00Z,22.333,1024
2022-09-16T21:15:00Z,22.142,864
2022-09-16T21:30:00Z,22.142,864
2022-09-16T21:45:00Z,22.046,960
2022-09-16T22:00:00Z,21.951,352
2022-09-16T22:15:00Z,21.951,480
2022-09-16T22:30:00Z,21.951,256
2022-09-16T22:45:00Z,21.855,200
2022-09-16T23:00:00Z,21.855,118
2022-09-16T23:15:00Z,21.855,102
2022-09-16T23:30:00Z,21.76,51
2022-09-16T23:45:00Z,21.76,25
2022-09-17T00:00:00Z,21.76,7
2022-09-17T00:15:00Z,21.664,0
2022-09-17T00:30:00Z,21.664,0
2022-09-17T00:45:00Z,21.664,0
2022-09-17T01:00:00Z,21.664,0
2022-09-17T01:15:00Z,21.664,0
2022-09-17T01:30:00Z,21.76,0
2022-09-17T01:45:00Z,21.855,0
2022-09-17T02:00:00Z,21.951,0
2022-09-17T02:15:00Z,21.951,0
2022-09-17T02:30:00Z,21.951,0
2022-09-17T02:45:00Z,21.951,0
2022-09-17T03:00:00Z,21.855,0
2022-09-17T03:15:00Z,21.855,0
2022-09-17T03:30:00Z,21.855,0
2022-09-17T03:45:00Z,21.76,0
2022-09-17T04:00:00Z,21.76,0
2022-09-17T04:15:00Z,21.76,0
2022-09-17T04:30:00Z,21.76,0
2022-09-17T04:45:00Z,21.664,0
2022-09-17T05:00:00Z,21.664,0
2022-09-17T05:15:00Z,21.664,0
2022-09-17T05:30:00Z,21.664,0
2022-09-17T05:45:00Z,21.569,0
2022-09-17T06:00:00Z,21.569,0
2022-09-17T06:15:00Z,21.569,0
2022-09-17T06:30:00Z,21.569,0
2022-09-17T06:45:00Z,21.569,0
2022-09-17T07:00:00Z,21.473,0
2022-09-17T07:15:00Z,21.473,0
2022-09-17T07:30:00Z,21.473,0
2022-09-17T07:45:00Z,21.473,0
2022-09-17T08:00:00Z,21.473,0
2022-09-17T08:15:00Z,21.378,0
2022-09-17T08:30:00Z,21.378,0
2022-09-17T08:45:00Z,21.378,0
2022-09-17T09:00:00Z,21.378,0
2022-09-17T09:15:00Z,21.378,0
2022-09-17T09:30:00Z,21.378,0
2022-09-17T09:45:00Z,21.378,0
2022-09-17T10:00:00Z,21.378,0
2022-09-17T10:15:00Z,21.282,0
2022-09-17T10:30:00Z,21.282,0
2022-09-17T10:45:00Z,21.282,0
2022-09-17T11:00:00Z,21.282,0
2022-09-17T11:15:00Z,21.282,0
2022-09-17T11:30:00Z,21.282,0
2022-09-17T11:45:00Z,21.282,5
2022-09-17T12:00:00Z,21.282,12
2022-09-17T12:15:00Z,21.282,23
2022-09-17T12:30:00Z,21.282,24
2022-09-17T12:45:00Z,21.282,43
2022-09-17T13:00:00Z,21.282,72
2022-09-17T13:15:00Z,21.282,144
2022-09-17T13:30:00Z,21.282,160
2022-09-17T13:45:00Z,21.282,136
2022-09-17T14:00:00Z,21.378,288
2022-09-17T14:15:00Z,21.378,400
2022-09-17T14:30:00Z,21.473,304
2022-09-17T14:45:00Z,21.473,384
2022-09-17T15:00:00Z,21.473,576
2022-09-17T15:15:00Z,21.569,608
2022-09-17T15:30:00Z,21.664,704
2022-09-17T15:45:00Z,21.664,768
2022-09-17T16:00:00Z,21.76,864
2022-09-17T16:15:00Z,21.855,1280
2022-09-17T16:30:00Z,21.76,576
2022-09-17T16:45:00Z,21.76,576
2022-09-17T17:00:00Z,21.76,480
2022-09-17T17:15:00Z,21.76,1216
2022-09-17T17:30:00Z,21.664,576
2022-09-17T17:45:00Z,21.855,1408
2022-09-17T18:00:00Z,21.951,1536
2022-09-17T18:15:00Z,21.855,672
2022-09-17T18:30:00Z,21.76,352
2022-09-17T18:45:00Z,21.664,248
2022-09-17T19:00:00Z,21.76,400
2022-09-17T19:15:00Z,21.951,512
2022-09-17T19:30:00Z,21.951,800
2022-09-17T19:45:00Z,21.855,448
2022-09-17T20:00:00Z,21.855,496
2022-09-17T20:15:00Z,21.76,320
2022-09-17T20:30:00Z,21.664,304
2022-09-17T20:45:00Z,21.76,288
2022-09-17T21:00:00Z,21.76,352
2022-09-17T21:15:00Z,21.76,272
2022-09-17T21:30:00Z,21.855,272
2022-09-17T21:45:00Z,21.855,248
2022-09-17T22:00:00Z,21.76,176
2022-09-17T22:15:00Z,21.664,160
2022-09-17T22:30:00Z,21.664,160
2022-09-17T22:45:00Z,21.664,82
2022-09-17T23:00:00Z,21.569,88
2022-09-17T23:15:00Z,21.569,46
2022-09-17T23:30:00Z,21.569,20
2022-09-17T23:45:00Z,21.569,4
2022-09-18T00:00:00Z,21.569,0
2022-09-18T00:15:00Z,21.569,0
2022-09-18T00:30:00Z,21.569,0
2022-09-18T00:45:00Z,21.569,0
2022-09-18T01:00:00Z,21.569,0
2022-09-18T01:15:00Z,21.569,0
2022-09-18T01:30:00Z,21.569,0
2022-09-18T01:45:00Z,21.569,0
2022-09-18T02:00:00Z,21.569,0
2022-09-18T02:15:00Z,21.569,0
2022-09-18T02:30:00Z,21.473,0
2022-09-18T02:45:00Z,21.473,0
2022-09-18T03:00:00Z,21.473,0
2022-09-18T03:15:00Z,21.473,0
2022-09-18T03:30:00Z,21.473,0
2022-09-18T03:45:00Z,21.473,0
2022-09-18T04:00:00Z,21.473,0
2022-09-18T04:15:00Z,21.473,0
2022-09-18T04:30:00Z,21.473,0
2022-09-18T04:45:00Z,21.473,0
2022-09-18T05:00:00Z,21.473,0
2022-09-18T05:15:00Z,21.473,0
2022-09-18T05:30:00Z,21.378,0
2022-09-18T05:45:00Z,21.378,0
2022-09-18T06:00:00Z,21.378,0
2022-09-18T06:15:00Z,21.378,0
2022-09-18T06:30:00Z,21.282,0
2022-09-18T06:45:00Z,21.282,0
2022-09-18T07:00:00Z,21.282,0
2022-09-18T07:15:00Z,21.187,0
2022-09-18T07:30:00Z,21.187,0
2022-09-18T07:45:00Z,21.187,0
2022-09-18T08:00:00Z,21.187,0
2022-09-18T08:15:00Z,21.187,0
2022-09-18T08:30:00Z,21.187,0
2022-09-18T08:45:00Z,21.187,0
2022-09-18T09:00:00Z,21.187,0
2022-09-18T09:15:00Z,21.187,0
2022-09-18T09:30:00Z,21.187,0
2022-09-18T09:45:00Z,21.187,0
2022-09-18T10:00:00Z,21.187,0
2022-09-18T10:15:00Z,21.187,0
2022-09-18T10:30:00Z,21.091,0
2022-09-18T10:45:00Z,21.091,0
2022-09-18T11:00:00Z,21.091,0
2022-09-18T11:15:00Z,20.996,0
2022-09-18T11:30:00Z,21.091,0
2022-09-18T11:45:00Z,21.091,4
2022-09-18T12:00:00Z,20.996,10
2022-09-18T12:15:00Z,21.091,15
2022-09-18T12:30:00Z,21.091,28
2022-09-18T12:45:00Z,21.091,72
2022-09-18T13:00:00Z,21.091,62
2022-09-18T13:15:00Z,21.091,86
2022-09-18T13:30:00Z,21.091,160
2022-09-18T13:45:00Z,21.091,184
2022-09-18T14:00:00Z,21.091,124
2022-09-18T14:15:00Z,21.187,432
2022-09-18T14:30:00Z,21.282,448
2022-09-18T14:45:00Z,21.282,200
2022-09-18T15:00:00Z,21.282,352
2022-09-18T15:15:00Z,21.282,368
2022-09-18T15:30:00Z,21.282,304
2022-09-18T15:45:00Z,21.282,288
2022-09-18T16:00:00Z,21.282,288
2022-09-18T16:15:00Z,21.282,320
2022-09-18T16:30:00Z,21.282,416
2022-09-18T16:45:00Z,21.282,432
2022-09-18T17:00:00Z,21.473,1152
2022-09-18T17:15:00Z,21.569,992
2022-09-18T17:30:00Z,21.569,1024
2022-09-18T17:45:00Z,21.76,1152
2022-09-18T18:00:00Z,21.664,1472
2022-09-18T18:15:00Z,21.855,1728
2022-09-18T18:30:00Z,21.76,768
2022-09-18T18:45:00Z,21.76,576
2022-09-18T19:00:00Z,21.951,1856
2022-09-18T19:15:00Z,21.951,1344
2022-09-18T19:30:00Z,22.046,1152
2022-09-18T19:45:00Z,22.046,416
2022-09-18T20:00:00Z,22.142,1088
2022-09-18T20:15:00Z,22.142,1536
2022-09-18T20:30:00Z,22.333,1280
2022-09-18T20:45:00Z,22.238,512
2022-09-18T21:00:00Z,22.238,496
2022-09-18T21:15:00Z,22.238,368
2022-09-18T21:30:00Z,22.238,144
2022-09-18T21:45:00Z,22.333,240
2022-09-18T22:00:00Z,22.333,272
2022-09-18T22:15:00Z,22.333,232
2022-09-18T22:30:00Z,22.238,104
2022-09-18T22:45:00Z,22.333,144
2022-09-18T23:00:00Z,22.333,96
2022-09-18T23:15:00Z,22.333,136
2022-09-18T23:30:00Z,22.333,57
2022-09-18T23:45:00Z,22.333,11
2022-09-19T00:00:00Z,22.333,5
2022-09-19T00:15:00Z,22.333,0
2022-09-19T00:30:00Z,22.333,0
2022-09-19T00:45:00Z,22.333,0
2022-09-19T01:00:00Z,22.333,0
2022-09-19T01:15:00Z,22.333,0
2022-09-19T01:30:00Z,22.429,0
2022-09-19T01:45:00Z,22.429,0
2022-09-19T02:00:00Z,22.429,0
2022-09-19T02:15:00Z,22.429,0
2022-09-19T02:30:00Z,22.429,0
2022-09-19T02:45:00Z,22.429,0
2022-09-19T03:00:00Z,22.429,0
2022-09-19T03:15:00Z,22.429,0
2022-09-19T03:30:00Z,22.429,0
2022-09-19T03:45:00Z,22.429,0
2022-09-19T04:00:00Z,22.429,0
2022-09-19T04:15:00Z,22.429,0
2022-09-19T04:30:00Z,22.429,0
2022-09-19T04:45:00Z,22.429,0
2022-09-19T05:00:00Z,22.333,0
2022-09-19T05:15:00Z,22.333,0
2022-09-19T05:30:00Z,22.333,0
2022-09-19T05:45:00Z,22.333,0
2022-09-19T06:00:00Z,22.333,0
2022-09-19T06:15:00Z,22.238,0
2022-09-19T06:30:00Z,22.238,0
2022-09-19T06:45:00Z,22.238,0
2022-09-19T07:00:00Z,22.142,0
2022-09-19T07:15:00Z,22.142,0
2022-09-19T07:30:00Z,22.142,0
2022-09-19T07:45:00Z,22.142,0
2022-09-19T08:00:00Z,22.046,0
2022-09-19T08:15:00Z,22.046,0
2022-09-19T08:30:00Z,22.046,0
2022-09-19T08:45:00Z,22.046,0
2022-09-19T09:00:00Z,22.046,0
2022-09-19T09:15:00Z,22.046,0
2022-09-19T09:30:00Z,21.951,0
2022-09-19T09:45:00Z,21.951,0
2022-09-19T10:00:00Z,21.951,0
2022-09-19T10:15:00Z,21.951,0
2022-09-19T10:30:00Z,21.855,0
2022-09-19T10:45:00Z,21.855,0
2022-09-19T11:00:00Z,21.951,0
2022-09-19T11:15:00Z,21.855,0
2022-09-19T11:30:00Z,21.855,0
2022-09-19T11:45:00Z,21.855,9
2022-09-19T12:00:00Z,21.855,27
2022-09-19T12:15:00Z,21.855,50
2022-09-19T12:30:00Z,21.855,79
2022-09-19T12:45:00Z,21.855,105
2022-09-19T13:00:00Z,21.855,136
2022-09-19T13:15:00Z,21.855,184
2022-09-19T13:30:00Z,21.855,200
2022-09-19T13:45:00Z,21.855,224
2022-09-19T14:00:00Z,21.951,256
2022-09-19T14:15:00Z,21.951,288
2022-09-19T14:30:00Z,21.951,320
2022-09-19T14:45:00Z,21.951,352
2022-09-19T15:00:00Z,22.046,400
2022-09-19T15:15:00Z,22.046,400
2022-09-19T15:30:00Z,22.046,464
2022-09-19T15:45:00Z,22.142,464
2022-09-19T16:00:00Z,22.046,480
2022-09-19T16:15:00Z,22.046,480
2022-09-19T16:30:00Z,22.046,512
2022-09-19T16:45:00Z,22.046,512
2022-09-19T17:00:00Z,22.046,576
2022-09-19T17:15:00Z,22.142,704
2022-09-19T17:30:00Z,22.142,864
2022-09-19T17:45:00Z,22.046,704
2022-09-19T18:00:00Z,22.238,800
2022-09-19T18:15:00Z,22.429,800
2022-09-19T18:30:00Z,22.525,960
2022-09-19T18:45:00Z,22.621,1024
2022-09-19T19:00:00Z,22.717,896
2022-09-19T19:15:00Z,22.908,864
2022-09-19T19:30:00Z,23.004,864
2022-09-19T19:45:00Z,23.004,896
2022-09-19T20:00:00Z,23.1,896
2022-09-19T20:15:00Z,23.196,800
2022-09-19T20:30:00Z,23.292,864
2022-09-19T20:45:00Z,23.388,864
2022-09-19T21:00:00Z,23.388,704
2022-09-19T21:15:00Z,23.388,672
2022-09-19T21:30:00Z,23.388,512
2022-09-19T21:45:00Z,23.388,496
2022-09-19T22:00:00Z,23.292,464
2022-09-19T22:15:00Z,23.292,368
2022-09-19T22:30:00Z,23.292,304
2022-09-19T22:45:00Z,23.196,240
2022-09-19T23:00:00Z,23.388,176
2022-09-19T23:15:00Z,23.388,112
2022-09-19T23:30:00Z,23.581,56
2022-09-19T23:45:00Z,23.677,14
2022-09-20T00:00:00Z,23.677,4
2022-09-20T00:15:00Z,23.869,0
2022-09-20T00:30:00Z,23.773,0
2022-09-20T00:45:00Z,23.773,0
2022-09-20T01:00:00Z,23.773,0
2022-09-20T01:15:00Z,23.773,0
2022-09-20T01:30:00Z,23.677,0
2022-09-20T01:45:00Z,23.677,0
2022-09-20T02:00:00Z,23.677,0
2022-09-20T02:15:00Z,23.581,0
2022-09-20T02:30:00Z,23.581,0
2022-09-20T02:45:00Z,23.581,0
2022-09-20T03:00:00Z,23.484,0
2022-09-20T03:15:00Z,23.484,0
2022-09-20T03:30:00Z,23.484,0
2022-09-20T03:45:00Z,23.484,0
2022-09-20T04:00:00Z,23.388,0
2022-09-20T04:15:00Z,23.388,0
2022-09-20T04:30:00Z,23.388,0
2022-09-20T04:45:00Z,23.388,0
2022-09-20T05:00:00Z,23.292,0
2022-09-20T05:15:00Z,23.004,0
2022-09-20T05:30:00Z,22.908,0
2022-09-20T05:45:00Z,22.717,0
2022-09-20T06:00:00Z,22.525,0
2022-09-20T06:15:00Z,22.525,0
2022-09-20T06:30:00Z,22.525,0
2022-09-20T06:45:00Z,22.429,0
2022-09-20T07:00:00Z,22.525,0
2022-09-20T07:15:00Z,22.812,0
2022-09-20T07:30:00Z,22.717,0
2022-09-20T07:45:00Z,22.812,0
2022-09-20T08:00:00Z,22.812,0
2022-09-20T08:15:00Z,22.717,0
2022-09-20T08:30:00Z,22.717,0
2022-09-20T08:45:00Z,22.717,0
2022-09-20T09:00:00Z,22.717,0
2022-09-20T09:15:00Z,22.621,0
2022-09-20T09:30:00Z,22.621,0
2022-09-20T09:45:00Z,22.525,0
2022-09-20T10:00:00Z,22.525,0
2022-09-20T10:15:00Z,22.429,0
2022-09-20T10:30:00Z,22.429,0
2022-09-20T10:45:00Z,22.333,0
2022-09-20T11:00:00Z,22.333,0
2022-09-20T11:15:00Z,22.238,0
2022-09-20T11:30:00Z,22.238,0
2022-09-20T11:45:00Z,22.238,3
2022-09-20T12:00:00Z,22.142,15
2022-09-20T12:15:00Z,22.142,37
2022-09-20T12:30:00Z,22.142,65
2022-09-20T12:45:00Z,22.142,95
2022-09-20T13:00:00Z,22.142,128
2022-09-20T13:15:00Z,22.142,152
2022-09-20T13:30:00Z,22.142,224
2022-09-20T13:45:00Z,22.142,216
2022-09-20T14:00:00Z,22.046,100
2022-09-20T14:15:00Z,22.046,368
2022-09-20T14:30:00Z,22.142,152
2022-09-20T14:45:00Z,22.142,192
2022-09-20T15:00:00Z,22.142,256
2022-09-20T15:15:00Z,22.238,256
2022-09-20T15:30:00Z,22.238,384
2022-09-20T15:45:00Z,22.333,576
2022-09-20T16:00:00Z,22.333,512
2022-09-20T16:15:00Z,22.333,368
2022-09-20T16:30:00Z,22.333,704
2022-09-20T16:45:00Z,22.429,704
2022-09-20T17:00:00Z,22.525,864
2022-09-20T17:15:00Z,22.621,1216
2022-09-20T17:30:00Z,22.333,121
2022-09-20T17:45:00Z,22.333,304
2022-09-20T18:00:00Z,22.717,1280
2022-09-20T18:15:00Z,22.429,192
2022-09-20T18:30:00Z,22.621,1152
2022-09-20T18:45:00Z,22.429,116
2022-09-20T19:00:00Z,22.429,50
2022-09-20T19:15:00Z,22.429,73
2022-09-20T19:30:00Z,22.525,288
2022-09-20T19:45:00Z,22.812,1472
2022-09-20T20:00:00Z,22.908,1216
2022-09-20T20:15:00Z,22.908,1216
2022-09-20T20:30:00Z,22.908,1152
2022-09-20T20:45:00Z,22.908,1152
2022-09-20T21:00:00Z,22.908,960
2022-09-20T21:15:00Z,22.812,960
2022-09-20T21:30:00Z,22.812,800
2022-09-20T21:45:00Z,22.717,672
2022-09-20T22:00:00Z,22.717,512
2022-09-20T22:15:00Z,22.717,432
2022-09-20T22:30:00Z,22.621,336
2022-09-20T22:45:00Z,22.621,256
2022-09-20T23:00:00Z,22.621,168
2022-09-20T23:15:00Z,22.717,60
2022-09-20T23:30:00Z,22.717,56
2022-09-20T23:45:00Z,22.717,22
2022-09-21T00:00:00Z,22.908,6
2022-09-21T00:15:00Z,23.004,0
2022-09-21T00:30:00Z,23.1,0
2022-09-21T00:45:00Z,23.004,0
2022-09-21T01:00:00Z,23.1,0
2022-09-21T01:15:00Z,23.004,0
2022-09-21T01:30:00Z,23.1,0
2022-09-21T01:45:00Z,22.908,0
2022-09-21T02:00:00Z,22.908,0
2022-09-21T02:15:00Z,22.812,0
2022-09-21T02:30:00Z,22.812,0
2022-09-21T02:45:00Z,22.908,0
2022-09-21T03:00:00Z,22.812,0
2022-09-21T03:15:00Z,22.812,0
2022-09-21T03:30:00Z,23.004,0
2022-09-21T03:45:00Z,22.908,0
2022-09-21T04:00:00Z,22.908,0
2022-09-21T04:15:00Z,22.812,0
2022-09-21T04:30:00Z,22.812,0
2022-09-21T04:45:00Z,22.812,0
2022-09-21T05:00:00Z,22.908,0
2022-09-21T05:15:00Z,22.908,0
2022-09-21T05:30:00Z,22.908,0
2022-09-21T05:45:00Z,22.908,0
2022-09-21T06:00:00Z,22.812,0
2022-09-21T06:15:00Z,22.717,0
2022-09-21T06:30:00Z,22.717,0
2022-09-21T06:45:00Z,22.621,0
2022-09-21T07:00:00Z,22.621,0
2022-09-21T07:15:00Z,22.525,0
2022-09-21T07:30:00Z,22.429,0
2022-09-21T07:45:00Z,22.429,0
2022-09-21T08:00:00Z,22.429,0
2022-09-21T08:15:00Z,22.429,0
2022-09-21T08:30:00Z,22.429,0
2022-09-21T08:45:00Z,22.333,0
2022-09-21T09:00:00Z,22.333,0
2022-09-21T09:15:00Z,22.333,0
2022-09-21T09:30:00Z,22.333,0
2022-09-21T09:45:00Z,22.333,0
2022-09-21T10:00:00Z,22.238,0
2022-09-21T10:15:00Z,22.238,0
2022-09-21T10:30:00Z,22.238,0
2022-09-21T10:45:00Z,22.238,0
2022-09-21T11:00:00Z,22.238,0
2022-09-21T11:15:00Z,22.238,0
2022-09-21T11:30:00Z,22.142,0
2022-09-21T11:45:00Z,22.142,6
2022-09-21T12:00:00Z,22.142,27
2022-09-21T12:15:00Z,22.142,54
2022-09-21T12:30:00Z,22.238,144
2022-09-21T12:45:00Z,22.238,79
2022-09-21T13:00:00Z,22.238,93
2022-09-21T13:15:00Z,22.142,81
2022-09-21T13:30:00Z,22.238,200
2022-09-21T13:45:00Z,22.238,232
2022-09-21T14:00:00Z,22.333,320
2022-09-21T14:15:00Z,22.429,496
2022-09-21T14:30:00Z,22.429,768
2022-09-21T14:45:00Z,22.525,704
2022-09-21T15:00:00Z,22.525,608
2022-09-21T15:15:00Z,22.429,512
2022-09-21T15:30:00Z,22.429,672
2022-09-21T15:45:00Z,22.525,800
2022-09-21T16:00:00Z,22.525,768
2022-09-21T16:15:00Z,22.621,864
2022-09-21T16:30:00Z,22.621,704
2022-09-21T16:45:00Z,22.525,576
2022-09-21T17:00:00Z,22.525,576
2022-09-21T17:15:00Z,22.621,704
2022-09-21T17:30:00Z,22.525,576
2022-09-21T17:45:00Z,22.621,576
2022-09-21T18:00:00Z,22.621,768
2022-09-21T18:15:00Z,22.717,672
2022-09-21T18:30:00Z,22.717,608
2022-09-21T18:45:00Z,22.717,608
2022-09-21T19:00:00Z,22.717,464
2022-09-21T19:15:00Z,22.717,464
2022-09-21T19:30:00Z,22.717,512
2022-09-21T19:45:00Z,22.621,400
2022-09-21T20:00:00Z,22.717,400
2022-09-21T20:15:00Z,22.621,320
2022-09-21T20:30:00Z,22.621,384
2022-09-21T20:45:00Z,22.621,336
2022-09-21T21:00:00Z,22.525,126
2022-09-21T21:15:00Z,22.525,208
2022-09-21T21:30:00Z,22.429,160
2022-09-21T21:45:00Z,22.429,200
2022-09-21T22:00:00Z,22.429,216
2022-09-21T22:15:00Z,22.429,168
2022-09-21T22:30:00Z,22.333,136
2022-09-21T22:45:00Z,22.333,168
2022-09-21T23:00:00Z,22.238,136
2022-09-21T23:15:00Z,22.238,111
2022-09-21T23:30:00Z,22.142,87
2022-09-21T23:45:00Z,22.142,34
2022-09-22T00:00:00Z,22.142,4
2022-09-22T00:15:00Z,22.046,0
2022-09-22T00:30:00Z,22.046,0
2022-09-22T00:45:00Z,22.046,0
2022-09-22T01:00:00Z,21.951,0
2022-09-22T01:15:00Z,21.951,0
2022-09-22T01:30:00Z,21.951,0
2022-09-22T01:45:00Z,21.855,0
2022-09-22T02:00:00Z,21.855,0
2022-09-22T02:15:00Z,21.855,0
2022-09-22T02:30:00Z,21.76,0
2022-09-22T02:45:00Z,21.76,0
2022-09-22T03:00:00Z,21.76,0
2022-09-22T03:15:00Z,21.664,0
2022-09-22T03:30:00Z,21.664,0
2022-09-22T03:45:00Z,21.664,0
2022-09-22T04:00:00Z,21.664,0
2022-09-22T04:15:00Z,21.569,0
2022-09-22T04:30:00Z,21.569,0
2022-09-22T04:45:00Z,21.569,0
2022-09-22T05:00:00Z,21.473,0
2022-09-22T05:15:00Z,21.473,0
2022-09-22T05:30:00Z,21.473,0
2022-09-22T05:45:00Z,21.473,0
2022-09-22T06:00:00Z,21.378,0
2022-09-22T06:15:00Z,21.378,0
2022-09-22T06:30:00Z,21.378,0
2022-09-22T06:45:00Z,21.378,0
2022-09-22T07:00:00Z,21.282,0
2022-09-22T07:15:00Z,21.282,0
2022-09-22T07:30:00Z,21.282,0
2022-09-22T07:45:00Z,21.187,0
2022-09-22T08:00:00Z,21.187,0
2022-09-22T08:15:00Z,21.091,0
2022-09-22T08:30:00Z,21.091,0
2022-09-22T08:45:00Z,21.091,0
2022-09-22T09:00:00Z,21.091,0
2022-09-22T09:15:00Z,20.996,0
2022-09-22T09:30:00Z,20.996,0
2022-09-22T09:45:00Z,20.901,0
2022-09-22T10:00:00Z,20.901,0
2022-09-22T10:15:00Z,20.901,0
2022-09-22T10:30:00Z,20.901,0
2022-09-22T10:45:00Z,20.805,0
2022-09-22T11:00:00Z,20.71,0
2022-09-22T11:15:00Z,20.71,0
2022-09-22T11:30:00Z,20.71,0
2022-09-22T11:45:00Z,20.71,5
2022-09-22T12:00:00Z,20.615,17
2022-09-22T12:15:00Z,20.615,32
2022-09-22T12:30:00Z,20.615,49
2022-09-22T12:45:00Z,20.615,70
2022-09-22T13:00:00Z,20.615,101
2022-09-22T13:15:00Z,20.615,125
2022-09-22T13:30:00Z,20.519,192
2022-09-22T13:45:00Z,20.615,320
2022-09-22T14:00:00Z,20.519,240
2022-09-22T14:15:00Z,20.615,368
2022-09-22T14:30:00Z,20.615,368
2022-09-22T14:45:00Z,20.615,416
2022-09-22T15:00:00Z,20.615,512
2022-09-22T15:15:00Z,20.615,432
2022-09-22T15:30:00Z,20.71,896
2022-09-22T15:45:00Z,20.615,256
2022-09-22T16:00:00Z,20.805,1280
2022-09-22T16:15:00Z,20.901,1216
2022-09-22T16:30:00Z,20.901,1152
2022-09-22T16:45:00Z,20.901,1344
2022-09-22T17:00:00Z,20.901,1152
2022-09-22T17:15:00Z,20.996,1408
2022-09-22T17:30:00Z,20.996,1536
2022-09-22T17:45:00Z,20.901,480
2022-09-22T18:00:00Z,21.091,1408
2022-09-22T18:15:00Z,20.996,368
2022-09-22T18:30:00Z,21.187,1408
2022-09-22T18:45:00Z,21.187,1728
2022-09-22T19:00:00Z,20.996,192
2022-09-22T19:15:00Z,21.187,1472
2022-09-22T19:30:00Z,21.091,1408
2022-09-22T19:45:00Z,21.091,1536
2022-09-22T20:00:00Z,21.187,1536
2022-09-22T20:15:00Z,21.187,1344
2022-09-22T20:30:00Z,21.187,1152
2022-09-22T20:45:00Z,21.187,960
2022-09-22T21:00:00Z,21.187,960
2022-09-22T21:15:00Z,21.187,800
2022-09-22T21:30:00Z,21.187,768
2022-09-22T21:45:00Z,21.187,672
2022-09-22T22:00:00Z,21.187,512
2022-09-22T22:15:00Z,21.091,448
2022-09-22T22:30:00Z,21.091,320
2022-09-22T22:45:00Z,20.996,232
2022-09-22T23:00:00Z,20.996,160
2022-09-22T23:15:00Z,20.996,91
2022-09-22T23:30:00Z,20.901,48
2022-09-22T23:45:00Z,20.901,16
2022-09-23T00:00:00Z,20.901,3
2022-09-23T00:15:00Z,20.805,0
2022-09-23T00:30:00Z,20.805,0
2022-09-23T00:45:00Z,20.805,0
2022-09-23T01:00:00Z,20.805,0
2022-09-23T01:15:00Z,20.805,0
2022-09-23T01:30:00Z,20.71,0
2022-09-23T01:45:00Z,20.71,0
2022-09-23T02:00:00Z,20.71,0
2022-09-23T02:15:00Z,20.71,0
2022-09-23T02:30:00Z,20.615,0
2022-09-23T02:45:00Z,20.615,0
2022-09-23T03:00:00Z,20.615,0
2022-09-23T03:15:00Z,20.615,0
2022-09-23T03:30:00Z,20.519,0
2022-09-23T03:45:00Z,20.519,0
2022-09-23T04:00:00Z,20.519,0
2022-09-23T04:15:00Z,20.519,0
2022-09-23T04:30:00Z,20.424,0
2022-09-23T04:45:00Z,20.424,0
2022-09-23T05:00:00Z,20.424,0
2022-09-23T05:15:00Z,20.424,0
2022-09-23T05:30:00Z,20.424,0
2022-09-23T05:45:00Z,20.424,0
2022-09-23T06:00:00Z,20.329,0
2022-09-23T06:15:00Z,20.329,0
2022-09-23T06:30:00Z,20.329,0
2022-09-23T06:45:00Z,20.234,0
2022-09-23T07:00:00Z,20.234,0
2022-09-23T07:15:00Z,20.234,0
2022-09-23T07:30:00Z,20.234,0
2022-09-23T07:45:00Z,20.234,0
2022-09-23T08:00:00Z,20.138,0
2022-09-23T08:15:00Z,20.138,0
2022-09-23T08:30:00Z,20.138,0
2022-09-23T08:45:00Z,20.138,0
2022-09-23T09:00:00Z,20.138,0
2022-09-23T09:15:00Z,20.043,0
2022-09-23T09:30:00Z,20.043,0
2022-09-23T09:45:00Z,20.043,0
2022-09-23T10:00:00Z,20.043,0
2022-09-23T10:15:00Z,20.043,0
2022-09-23T10:30:00Z,20.043,0
2022-09-23T10:45:00Z,20.043,0
2022-09-23T11:00:00Z,19.948,0
2022-09-23T11:15:00Z,19.948,0
2022-09-23T11:30:00Z,19.948,0
2022-09-23T11:45:00Z,19.948,4
2022-09-23T12:00:00Z,19.948,14
2022-09-23T12:15:00Z,19.853,24
2022-09-23T12:30:00Z,19.853,48
2022-09-23T12:45:00Z,19.853,46
2022-09-23T13:00:00Z,19.948,87
2022-09-23T13:15:00Z,19.853,113
2022-09-23T13:30:00Z,19.948,152
2022-09-23T13:45:00Z,19.948,168
2022-09-23T14:00:00Z,19.948,192
2022-09-23T14:15:00Z,19.948,200
2022-09-23T14:30:00Z,19.948,352
2022-09-23T14:45:00Z,19.948,368
2022-09-23T15:00:00Z,20.043,384
2022-09-23T15:15:00Z,20.043,320
2022-09-23T15:30:00Z,19.948,272
2022-09-23T15:45:00Z,20.043,368
2022-09-23T16:00:00Z,20.138,480
2022-09-23T16:15:00Z,20.138,448
2022-09-23T16:30:00Z,20.138,480
2022-09-23T16:45:00Z,20.043,336
2022-09-23T17:00:00Z,20.043,240
2022-09-23T17:15:00Z,19.948,200
2022-09-23T17:30:00Z,19.948,160
2022-09-23T17:45:00Z,19.948,208
2022-09-23T18:00:00Z,19.948,168
2022-09-23T18:15:00Z,19.948,208
2022-09-23T18:30:00Z,19.948,288
2022-09-23T18:45:00Z,19.948,152
2022-09-23T19:00:00Z,19.948,248
2022-09-23T19:15:00Z,20.043,416
2022-09-23T19:30:00Z,19.948,200
2022-09-23T19:45:00Z,20.043,384
2022-09-23T20:00:00Z,20.043,368
2022-09-23T20:15:00Z,20.043,336
2022-09-23T20:30:00Z,19.948,320
2022-09-23T20:45:00Z,19.948,272
2022-09-23T21:00:00Z,19.948,272
2022-09-23T21:15:00Z,20.043,480
2022-09-23T21:30:00Z,19.948,152
2022-09-23T21:45:00Z,19.948,304
2022-09-23T22:00:00Z,19.948,152
2022-09-23T22:15:00Z,19.853,105
2022-09-23T22:30:00Z,19.853,82
2022-09-23T22:45:00Z,19.853,50
2022-09-23T23:00:00Z,19.758,36
2022-09-23T23:15:00Z,19.758,25
2022-09-23T23:30:00Z,19.758,11
2022-09-23T23:45:00Z,19.758,6
2022-09-24T00:00:00Z,19.758,1
2022-09-24T00:15:00Z,19.758,0
2022-09-24T00:30:00Z,19.662,0
2022-09-24T00:45:00Z,19.758,0
2022-09-24T01:00:00Z,19.758,0
2022-09-24T01:15:00Z,19.662,0
2022-09-24T01:30:00Z,19.662,0
2022-09-24T01:45:00Z,19.662,0
2022-09-24T02:00:00Z,19.662,0
2022-09-24T02:15:00Z,19.662,0
2022-09-24T02:30:00Z,19.662,0
2022-09-24T02:45:00Z,19.567,0
2022-09-24T03:00:00Z,19.567,0
2022-09-24T03:15:00Z,19.567,0
2022-09-24T03:30:00Z,19.567,0
2022-09-24T03:45:00Z,19.567,0
2022-09-24T04:00:00Z,19.567,0
2022-09-24T04:15:00Z,19.567,0
2022-09-24T04:30:00Z,19.567,0
2022-09-24T04:45:00Z,19.472,0
2022-09-24T05:00:00Z,19.472,0
2022-09-24T05:15:00Z,19.472,0
2022-09-24T05:30:00Z,19.472,0
2022-09-24T05:45:00Z,19.472,0
2022-09-24T06:00:00Z,19.377,0
2022-09-24T06:15:00Z,19.377,0
2022-09-24T06:30:00Z,19.377,0
2022-09-24T06:45:00Z,19.377,0
2022-09-24T07:00:00Z,19.377,0
2022-09-24T07:15:00Z,19.377,0
2022-09-24T07:30:00Z,19.377,0
2022-09-24T07:45:00Z,19.282,0
2022-09-24T08:00:00Z,19.282,0
2022-09-24T08:15:00Z,19.282,0
2022-09-24T08:30:00Z,19.282,0
2022-09-24T08:45:00Z,19.282,0
2022-09-24T09:00:00Z,19.187,0
2022-09-24T09:15:00Z,19.187,0
2022-09-24T09:30:00Z,19.187,0
2022-09-24T09:45:00Z,19.187,0
2022-09-24T10:00:00Z,19.187,0
2022-09-24T10:15:00Z,19.187,0
2022-09-24T10:30:00Z,19.092,0
2022-09-24T10:45:00Z,19.092,0
2022-09-24T11:00:00Z,19.092,0
2022-09-24T11:15:00Z,19.092,0
2022-09-24T11:30:00Z,19.092,0
2022-09-24T11:45:00Z,19.092,0
2022-09-24T12:00:00Z,19.092,3
2022-09-24T12:15:00Z,19.092,20
2022-09-24T12:30:00Z,19.092,18
2022-09-24T12:45:00Z,19.092,21
2022-09-24T13:00:00Z,19.092,33
2022-09-24T13:15:00Z,18.996,47
2022-09-24T13:30:00Z,18.996,56
2022-09-24T13:45:00Z,18.996,53
2022-09-24T14:00:00Z,18.996,78
2022-09-24T14:15:00Z,18.996,100
2022-09-24T14:30:00Z,18.996,114
2022-09-24T14:45:00Z,18.996,176
2022-09-24T15:00:00Z,18.996,160
2022-09-24T15:15:00Z,18.996,208
2022-09-24T15:30:00Z,18.996,176
2022-09-24T15:45:00Z,18.996,192
2022-09-24T16:00:00Z,18.996,248
2022-09-24T16:15:00Z,18.996,160
2022-09-24T16:30:00Z,18.996,160
2022-09-24T16:45:00Z,18.996,216
2022-09-24T17:00:00Z,18.996,136
2022-09-24T17:15:00Z,18.996,124
2022-09-24T17:30:00Z,18.996,160
2022-09-24T17:45:00Z,19.092,256
2022-09-24T18:00:00Z,19.092,320
2022-09-24T18:15:00Z,18.996,118
2022-09-24T18:30:00Z,18.996,208
2022-09-24T18:45:00Z,18.996,152
2022-09-24T19:00:00Z,18.996,119
2022-09-24T19:15:00Z,18.996,232
2022-09-24T19:30:00Z,18.996,128
2022-09-24T19:45:00Z,18.996,88
2022-09-24T20:00:00Z,18.996,200
2022-09-24T20:15:00Z,18.996,100
2022-09-24T20:30:00Z,18.996,76
2022-09-24T20:45:00Z,18.996,118
2022-09-24T21:00:00Z,18.996,144
2022-09-24T21:15:00Z,18.996,64
2022-09-24T21:30:00Z,18.996,90
2022-09-24T21:45:00Z,18.996,103
2022-09-24T22:00:00Z,18.996,70
2022-09-24T22:15:00Z,18.996,97
2022-09-24T22:30:00Z,18.996,57
2022-09-24T22:45:00Z,18.996,105
2022-09-24T23:00:00Z,18.996,43
2022-09-24T23:15:00Z,18.901,32
2022-09-24T23:30:00Z,18.901,13
2022-09-24T23:45:00Z,18.901,3
2022-09-25T00:00:00Z,18.901,0
2022-09-25T00:15:00Z,18.901,0
2022-09-25T00:30:00Z,18.901,0
2022-09-25T00:45:00Z,18.901,0
2022-09-25T01:00:00Z,18.901,0
2022-09-25T01:15:00Z,18.901,0
2022-09-25T01:30:00Z,18.901,0
2022-09-25T01:45:00Z,18.901,0
2022-09-25T02:00:00Z,18.806,0
2022-09-25T02:15:00Z,18.806,0
2022-09-25T02:30:00Z,18.806,0
2022-09-25T02:45:00Z,18.806,0
2022-09-25T03:00:00Z,18.806,0
2022-09-25T03:15:00Z,18.806,0
2022-09-25T03:30:00Z,18.806,0
2022-09-25T03:45:00Z,18.806,0
2022-09-25T04:00:00Z,18.806,0
2022-09-25T04:15:00Z,18.711,0
2022-09-25T04:30:00Z,18.711,0
2022-09-25T04:45:00Z,18.711,0
2022-09-25T05:00:00Z,18.711,0
2022-09-25T05:15:00Z,18.711,0
2022-09-25T05:30:00Z,18.711,0
2022-09-25T05:45:00Z,18.711,0
2022-09-25T06:00:00Z,18.711,0
2022-09-25T06:15:00Z,18.616,0
2022-09-25T06:30:00Z,18.616,0
2022-09-25T06:45:00Z,18.616,0
2022-09-25T07:00:00Z,18.616,0
2022-09-25T07:15:00Z,18.616,0
2022-09-25T07:30:00Z,18.616,0
2022-09-25T07:45:00Z,18.521,0
2022-09-25T08:00:00Z,18.521,0
2022-09-25T08:15:00Z,18.521,0
2022-09-25T08:30:00Z,18.521,0
2022-09-25T08:45:00Z,18.521,0
2022-09-25T09:00:00Z,18.521,0
2022-09-25T09:15:00Z,18.521,0
2022-09-25T09:30:00Z,18.521,0
2022-09-25T09:45:00Z,18.426,0
2022-09-25T10:00:00Z,18.426,0
2022-09-25T10:15:00Z,18.426,0
2022-09-25T10:30:00Z,18.426,0
2022-09-25T10:45:00Z,18.426,0
2022-09-25T11:00:00Z,18.426,0
2022-09-25T11:15:00Z,18.426,0
2022-09-25T11:30:00Z,18.426,0
2022-09-25T11:45:00Z,18.426,1
2022-09-25T12:00:00Z,18.426,6
2022-09-25T12:15:00Z,18.426,42
2022-09-25T12:30:00Z,18.426,27
2022-09-25T12:45:00Z,18.426,41
2022-09-25T13:00:00Z,18.426,58
2022-09-25T13:15:00Z,18.331,36
2022-09-25T13:30:00Z,18.426,152
2022-09-25T13:45:00Z,18.426,184
2022-09-25T14:00:00Z,18.426,55
2022-09-25T14:15:00Z,18.331,122
2022-09-25T14:30:00Z,18.426,192
2022-09-25T14:45:00Z,18.426,304
2022-09-25T15:00:00Z,18.426,136
2022-09-25T15:15:00Z,18.426,304
2022-09-25T15:30:00Z,18.426,304
2022-09-25T15:45:00Z,18.521,320
2022-09-25T16:00:00Z,18.426,352
2022-09-25T16:15:00Z,18.426,176
2022-09-25T16:30:00Z,18.426,224
2022-09-25T16:45:00Z,18.426,288
2022-09-25T17:00:00Z,18.426,208
2022-09-25T17:15:00Z,18.426,168
2022-09-25T17:30:00Z,18.521,480
2022-09-25T17:45:00Z,18.521,384
2022-09-25T18:00:00Z,18.521,480
2022-09-25T18:15:00Z,18.521,448
2022-09-25T18:30:00Z,18.521,304
2022-09-25T18:45:00Z,18.521,400
2022-09-25T19:00:00Z,18.521,168
2022-09-25T19:15:00Z,18.521,240
2022-09-25T19:30:00Z,18.806,1152
2022-09-25T19:45:00Z,18.616,248
2022-09-25T20:00:00Z,18.521,85
2022-09-25T20:15:00Z,18.711,960
2022-09-25T20:30:00Z,18.806,992
2022-09-25T20:45:00Z,18.806,992
2022-09-25T21:00:00Z,18.711,800
2022-09-25T21:15:00Z,18.711,608
2022-09-25T21:30:00Z,18.711,608
2022-09-25T21:45:00Z,18.711,576
2022-09-25T22:00:00Z,18.711,432
2022-09-25T22:15:00Z,18.616,352
2022-09-25T22:30:00Z,18.616,272
2022-09-25T22:45:00Z,18.521,40
2022-09-25T23:00:00Z,18.521,9
2022-09-25T23:15:00Z,18.521,49
2022-09-25T23:30:00Z,18.521,12
2022-09-25T23:45:00Z,18.521,10
2022-09-26T00:00:00Z,18.521,0
2022-09-26T00:15:00Z,18.521,0
2022-09-26T00:30:00Z,18.426,0
2022-09-26T00:45:00Z,18.426,0
2022-09-26T01:00:00Z,18.426,0
2022-09-26T01:15:00Z,18.426,0
2022-09-26T01:30:00Z,18.426,0
2022-09-26T01:45:00Z,18.331,0
2022-09-26T02:00:00Z,18.331,0
2022-09-26T02:15:00Z,18.331,0
2022-09-26T02:30:00Z,18.331,0
2022-09-26T02:45:00Z,18.331,0
2022-09-26T03:00:00Z,18.331,0
2022-09-26T03:15:00Z,18.236,0
2022-09-26T03:30:00Z,18.236,0
2022-09-26T03:45:00Z,18.236,0
2022-09-26T04:00:00Z,18.236,0
2022-09-26T04:15:00Z,18.236,0
2022-09-26T04:30:00Z,18.14,0
2022-09-26T04:45:00Z,18.14,0
2022-09-26T05:00:00Z,18.14,0
2022-09-26T05:15:00Z,18.045,0
2022-09-26T05:30:00Z,18.045,0
2022-09-26T05:45:00Z,18.045,0
2022-09-26T06:00:00Z,18.045,0
2022-09-26T06:15:00Z,18.045,0
2022-09-26T06:30:00Z,18.045,0
2022-09-26T06:45:00Z,18.045,0
2022-09-26T07:00:00Z,17.95,0
2022-09-26T07:15:00Z,17.95,0
2022-09-26T07:30:00Z,17.95,0
2022-09-26T07:45:00Z,17.95,0
2022-09-26T08:00:00Z,17.855,0
2022-09-26T08:15:00Z,17.855,0
2022-09-26T08:30:00Z,17.855,0
2022-09-26T08:45:00Z,17.855,0
2022-09-26T09:00:00Z,17.855,0
2022-09-26T09:15:00Z,17.855,0
2022-09-26T09:30:00Z,17.855,0
2022-09-26T09:45:00Z,17.76,0
2022-09-26T10:00:00Z,17.76,0
2022-09-26T10:15:00Z,17.76,0
2022-09-26T10:30:00Z,17.76,0
2022-09-26T10:45:00Z,17.76,0
2022-09-26T11:00:00Z,17.665,0
2022-09-26T11:15:00Z,17.665,0
2022-09-26T11:30:00Z,17.665,0
2022-09-26T11:45:00Z,17.665,1
2022-09-26T12:00:00Z,17.665,9
2022-09-26T12:15:00Z,17.665,21
2022-09-26T12:30:00Z,17.665,30
2022-09-26T12:45:00Z,17.57,65
2022-09-26T13:00:00Z,17.665,79
2022-09-26T13:15:00Z,17.665,128
2022-09-26T13:30:00Z,17.57,115
2022-09-26T13:45:00Z,17.57,128
2022-09-26T14:00:00Z,17.57,176
2022-09-26T14:15:00Z,17.57,216
2022-09-26T14:30:00Z,17.665,248
2022-09-26T14:45:00Z,17.665,124
2022-09-26T15:00:00Z,17.665,400
2022-09-26T15:15:00Z,17.665,384
2022-09-26T15:30:00Z,17.665,144
2022-09-26T15:45:00Z,17.665,352
2022-09-26T16:00:00Z,17.665,200
2022-09-26T16:15:00Z,17.665,512
2022-09-26T16:30:00Z,17.76,320
2022-09-26T16:45:00Z,17.76,704
2022-09-26T17:00:00Z,17.855,800
2022-09-26T17:15:00Z,17.855,608
2022-09-26T17:30:00Z,17.855,384
2022-09-26T17:45:00Z,17.95,992
2022-09-26T18:00:00Z,17.95,480
2022-09-26T18:15:00Z,18.045,496
2022-09-26T18:30:00Z,18.045,1024
2022-09-26T18:45:00Z,17.95,336
2022-09-26T19:00:00Z,18.14,800
2022-09-26T19:15:00Z,18.045,416
2022-09-26T19:30:00Z,17.95,352
2022-09-26T19:45:00Z,18.045,1344
2022-09-26T20:00:00Z,18.14,1152
2022-09-26T20:15:00Z,18.14,1344
2022-09-26T20:30:00Z,17.855,248
2022-09-26T20:45:00Z,18.045,992
2022-09-26T21:00:00Z,17.855,288
2022-09-26T21:15:00Z,17.855,240
2022-09-26T21:30:00Z,17.95,272
2022-09-26T21:45:00Z,17.95,768
2022-09-26T22:00:00Z,17.855,368
2022-09-26T22:15:00Z,17.855,320
2022-09-26T22:30:00Z,17.76,93
2022-09-26T22:45:00Z,17.76,82
2022-09-26T23:00:00Z,17.76,65
2022-09-26T23:15:00Z,17.76,61
2022-09-26T23:30:00Z,17.76,29
2022-09-26T23:45:00Z,17.76,7
2022-09-27T00:00:00Z,17.665,0
2022-09-27T00:15:00Z,17.665,0
2022-09-27T00:30:00Z,17.665,0
2022-09-27T00:45:00Z,17.665,0
2022-09-27T01:00:00Z,17.665,0
2022-09-27T01:15:00Z,17.665,0
2022-09-27T01:30:00Z,17.665,0
2022-09-27T01:45:00Z,17.57,0
2022-09-27T02:00:00Z,17.57,0
2022-09-27T02:15:00Z,17.57,0
2022-09-27T02:30:00Z,17.57,0
2022-09-27T02:45:00Z,17.57,0
2022-09-27T03:00:00Z,17.57,0
2022-09-27T03:15:00Z,17.57,0
2022-09-27T03:30:00Z,17.475,0
2022-09-27T03:45:00Z,17.475,0
2022-09-27T04:00:00Z,17.475,0
2022-09-27T04:15:00Z,17.475,0
2022-09-27T04:30:00Z,17.475,0
2022-09-27T04:45:00Z,17.475,0
2022-09-27T05:00:00Z,17.379,0
2022-09-27T05:15:00Z,17.379,0
2022-09-27T05:30:00Z,17.379,0
2022-09-27T05:45:00Z,17.379,0
2022-09-27T06:00:00Z,17.379,0
2022-09-27T06:15:00Z,17.379,0
2022-09-27T06:30:00Z,17.284,0
2022-09-27T06:45:00Z,17.284,0
2022-09-27T07:00:00Z,17.284,0
2022-09-27T07:15:00Z,17.284,0
2022-09-27T07:30:00Z,17.284,0
2022-09-27T07:45:00Z,17.189,0
2022-09-27T08:00:00Z,17.189,0
2022-09-27T08:15:00Z,17.189,0
2022-09-27T08:30:00Z,17.189,0
2022-09-27T08:45:00Z,17.189,0
2022-09-27T09:00:00Z,17.189,0
2022-09-27T09:15:00Z,17.094,0
2022-09-27T09:30:00Z,17.094,0
2022-09-27T09:45:00Z,17.094,0
2022-09-27T10:00:00Z,17.094,0
2022-09-27T10:15:00Z,17.094,0
2022-09-27T10:30:00Z,16.999,0
2022-09-27T10:45:00Z,16.999,0
2022-09-27T11:00:00Z,16.999,0
2022-09-27T11:15:00Z,16.999,0
2022-09-27T11:30:00Z,16.999,0
2022-09-27T11:45:00Z,16.999,1
2022-09-27T12:00:00Z,16.999,9
2022-09-27T12:15:00Z,16.903,21
2022-09-27T12:30:00Z,16.903,35
2022-09-27T12:45:00Z,16.903,50
2022-09-27T13:00:00Z,16.903,68
2022-09-27T13:15:00Z,16.903,85
2022-09-27T13:30:00Z,16.903,108
2022-09-27T13:45:00Z,16.903,128
2022-09-27T14:00:00Z,16.903,152
2022-09-27T14:15:00Z,16.903,184
2022-09-27T14:30:00Z,16.903,248
2022-09-27T14:45:00Z,16.903,256
2022-09-27T15:00:00Z,16.999,336
2022-09-27T15:15:00Z,16.999,448
2022-09-27T15:30:00Z,16.999,160
2022-09-27T15:45:00Z,16.999,576
2022-09-27T16:00:00Z,16.999,512
2022-09-27T16:15:00Z,17.094,608
2022-09-27T16:30:00Z,17.094,576
2022-09-27T16:45:00Z,17.189,768
2022-09-27T17:00:00Z,17.189,960
2022-09-27T17:15:00Z,17.189,768
2022-09-27T17:30:00Z,17.189,192
2022-09-27T17:45:00Z,17.284,896
2022-09-27T18:00:00Z,17.284,288
2022-09-27T18:15:00Z,17.379,1280
2022-09-27T18:30:00Z,17.189,176
2022-09-27T18:45:00Z,17.379,1280
2022-09-27T19:00:00Z,17.475,1408
2022-09-27T19:15:00Z,17.379,432
2022-09-27T19:30:00Z,17.284,400
2022-09-27T19:45:00Z,17.189,224
2022-09-27T20:00:00Z,17.189,256
2022-09-27T20:15:00Z,17.284,224
2022-09-27T20:30:00Z,17.379,960
2022-09-27T20:45:00Z,17.475,1088
2022-09-27T21:00:00Z,17.379,800
2022-09-27T21:15:00Z,17.189,248
2022-09-27T21:30:00Z,17.189,232
2022-09-27T21:45:00Z,17.189,224
2022-09-27T22:00:00Z,17.094,216
2022-09-27T22:15:00Z,17.094,128
2022-09-27T22:30:00Z,17.094,115
2022-09-27T22:45:00Z,17.094,176
2022-09-27T23:00:00Z,16.999,66
2022-09-27T23:15:00Z,16.999,41
2022-09-27T23:30:00Z,16.999,21
2022-09-27T23:45:00Z,16.999,6
2022-09-28T00:00:00Z,16.999,0
2022-09-28T00:15:00Z,16.999,0
2022-09-28T00:30:00Z,16.903,0
2022-09-28T00:45:00Z,16.903,0
2022-09-28T01:00:00Z,16.903,0
2022-09-28T01:15:00Z,16.808,0
2022-09-28T01:30:00Z,16.808,0
2022-09-28T01:45:00Z,16.808,0
2022-09-28T02:00:00Z,16.808,0
2022-09-28T02:15:00Z,16.808,0
2022-09-28T02:30:00Z,16.808,0
2022-09-28T02:45:00Z,16.808,0
2022-09-28T03:00:00Z,16.808,0
2022-09-28T03:15:00Z,16.808,0
2022-09-28T03:30:00Z,16.713,0
2022-09-28T03:45:00Z,16.713,0
2022-09-28T04:00:00Z,16.713,0
2022-09-28T04:15:00Z,16.713,0
2022-09-28T04:30:00Z,16.618,0
2022-09-28T04:45:00Z,16.618,0
2022-09-28T05:00:00Z,16.618,0
2022-09-28T05:15:00Z,16.618,0
2022-09-28T05:30:00Z,16.618,0
2022-09-28T05:45:00Z,16.618,0
2022-09-28T06:00:00Z,16.618,0
2022-09-28T06:15:00Z,16.523,0
2022-09-28T06:30:00Z,16.523,0
2022-09-28T06:45:00Z,16.523,0
2022-09-28T07:00:00Z,16.523,0
2022-09-28T07:15:00Z,16.427,0
2022-09-28T07:30:00Z,16.427,0
2022-09-28T07:45:00Z,16.427,0
2022-09-28T08:00:00Z,16.427,0
2022-09-28T08:15:00Z,16.427,0
2022-09-28T08:30:00Z,16.332,0
2022-09-28T08:45:00Z,16.332,0
2022-09-28T09:00:00Z,16.332,0
2022-09-28T09:15:00Z,16.332,0
2022-09-28T09:30:00Z,16.332,0
2022-09-28T09:45:00Z,16.237,0
2022-09-28T10:00:00Z,16.237,0
2022-09-28T10:15:00Z,16.237,0
2022-09-28T10:30:00Z,16.237,0
2022-09-28T10:45:00Z,16.237,0
2022-09-28T11:00:00Z,16.141,0
2022-09-28T11:15:00Z,16.141,0
2022-09-28T11:30:00Z,16.141,0
2022-09-28T11:45:00Z,16.141,1
2022-09-28T12:00:00Z,16.141,10
2022-09-28T12:15:00Z,16.046,22
2022-09-28T12:30:00Z,16.046,36
2022-09-28T12:45:00Z,16.046,53
2022-09-28T13:00:00Z,16.046,72
2022-09-28T13:15:00Z,15.951,93
2022-09-28T13:30:00Z,15.951,119
2022-09-28T13:45:00Z,15.951,136
2022-09-28T14:00:00Z,15.951,168
2022-09-28T14:15:00Z,15.951,184
2022-09-28T14:30:00Z,15.951,232
2022-09-28T14:45:00Z,15.951,256
2022-09-28T15:00:00Z,15.951,304
2022-09-28T15:15:00Z,15.951,352
2022-09-28T15:30:00Z,15.951,368
2022-09-28T15:45:00Z,15.951,432
2022-09-28T16:00:00Z,15.951,464
2022-09-28T16:15:00Z,16.046,480
2022-09-28T16:30:00Z,16.141,608
2022-09-28T16:45:00Z,16.141,512
2022-09-28T17:00:00Z,16.141,608
2022-09-28T17:15:00Z,16.332,768
2022-09-28T17:30:00Z,16.427,800
2022-09-28T17:45:00Z,16.523,768
2022-09-28T18:00:00Z,16.618,1152
2022-09-28T18:15:00Z,16.618,1344
2022-09-28T18:30:00Z,16.618,1088
2022-09-28T18:45:00Z,16.713,1152
2022-09-28T19:00:00Z,16.713,1344
2022-09-28T19:15:00Z,16.713,1344
2022-09-28T19:30:00Z,16.808,1216
2022-09-28T19:45:00Z,16.808,1088
2022-09-28T20:00:00Z,16.808,1024
2022-09-28T20:15:00Z,16.903,960
2022-09-28T20:30:00Z,16.808,960
2022-09-28T20:45:00Z,16.903,896
2022-09-28T21:00:00Z,16.808,864
2022-09-28T21:15:00Z,16.808,704
2022-09-28T21:30:00Z,16.808,608
2022-09-28T21:45:00Z,16.808,512
2022-09-28T22:00:00Z,16.808,464
2022-09-28T22:15:00Z,16.713,352
2022-09-28T22:30:00Z,16.713,224
2022-09-28T22:45:00Z,16.713,176
2022-09-28T23:00:00Z,16.618,106
2022-09-28T23:15:00Z,16.618,55
2022-09-28T23:30:00Z,16.523,21
2022-09-28T23:45:00Z,16.523,5
2022-09-29T00:00:00Z,16.523,0
2022-09-29T00:15:00Z,16.523,0
2022-09-29T00:30:00Z,16.427,0
2022-09-29T00:45:00Z,16.427,0
2022-09-29T01:00:00Z,16.427,0
2022-09-29T01:15:00Z,16.427,0
2022-09-29T01:30:00Z,16.427,0
2022-09-29T01:45:00Z,16.332,0
2022-09-29T02:00:00Z,16.332,0
2022-09-29T02:15:00Z,16.332,0
2022-09-29T02:30:00Z,16.237,0
2022-09-29T02:45:00Z,16.237,0
2022-09-29T03:00:00Z,16.237,0
2022-09-29T03:15:00Z,16.237,0
2022-09-29T03:30:00Z,16.237,0
2022-09-29T03:45:00Z,16.141,0
2022-09-29T04:00:00Z,16.141,0
2022-09-29T04:15:00Z,16.141,0
2022-09-29T04:30:00Z,16.141,0
2022-09-29T04:45:00Z,16.046,0
2022-09-29T05:00:00Z,16.046,0
2022-09-29T05:15:00Z,16.046,0
2022-09-29T05:30:00Z,16.046,0
2022-09-29T05:45:00Z,16.046,0
2022-09-29T06:00:00Z,15.951,0
2022-09-29T06:15:00Z,15.951,0
2022-09-29T06:30:00Z,15.951,0
2022-09-29T06:45:00Z,15.951,0
2022-09-29T07:00:00Z,15.855,0
2022-09-29T07:15:00Z,15.855,0
2022-09-29T07:30:00Z,15.855,0
2022-09-29T07:45:00Z,15.855,0
2022-09-29T08:00:00Z,15.855,0
2022-09-29T08:15:00Z,15.76,0
2022-09-29T08:30:00Z,15.76,0
2022-09-29T08:45:00Z,15.76,0
2022-09-29T09:00:00Z,15.76,0
2022-09-29T09:15:00Z,15.76,0
2022-09-29T09:30:00Z,15.76,0
2022-09-29T09:45:00Z,15.664,0
2022-09-29T10:00:00Z,15.664,0
2022-09-29T10:15:00Z,15.664,0
2022-09-29T10:30:00Z,15.664,0
2022-09-29T10:45:00Z,15.569,0
2022-09-29T11:00:00Z,15.569,0
2022-09-29T11:15:00Z,15.569,0
2022-09-29T11:30:00Z,15.569,0
2022-09-29T11:45:00Z,15.569,1
2022-09-29T12:00:00Z,15.569,10
2022-09-29T12:15:00Z,15.473,22
2022-09-29T12:30:00Z,15.473,37
2022-09-29T12:45:00Z,15.473,53
2022-09-29T13:00:00Z,15.473,69
2022-09-29T13:15:00Z,15.569,89
2022-09-29T13:30:00Z,15.569,107
2022-09-29T13:45:00Z,15.569,128
2022-09-29T14:00:00Z,15.569,152
2022-09-29T14:15:00Z,15.569,168
2022-09-29T14:30:00Z,15.569,192
2022-09-29T14:45:00Z,15.664,232
2022-09-29T15:00:00Z,15.664,248
2022-09-29T15:15:00Z,15.76,272
2022-09-29T15:30:00Z,15.76,320
2022-09-29T15:45:00Z,15.855,320
2022-09-29T16:00:00Z,15.855,352
2022-09-29T16:15:00Z,15.855,416
2022-09-29T16:30:00Z,15.855,480
2022-09-29T16:45:00Z,15.951,480
2022-09-29T17:00:00Z,15.951,512
2022-09-29T17:15:00Z,15.951,576
2022-09-29T17:30:00Z,16.046,672
2022-09-29T17:45:00Z,15.951,512
2022-09-29T18:00:00Z,16.046,704
2022-09-29T18:15:00Z,16.046,496
2022-09-29T18:30:00Z,16.046,704
2022-09-29T18:45:00Z,16.237,704
2022-09-29T19:00:00Z,16.332,864
2022-09-29T19:15:00Z,16.427,800
2022-09-29T19:30:00Z,16.427,800
2022-09-29T19:45:00Z,16.427,800
2022-09-29T20:00:00Z,16.618,800
2022-09-29T20:15:00Z,16.713,672
2022-09-29T20:30:00Z,16.808,768
2022-09-29T20:45:00Z,16.713,512
2022-09-29T21:00:00Z,16.523,576
2022-09-29T21:15:00Z,16.713,480
2022-09-29T21:30:00Z,16.808,480
2022-09-29T21:45:00Z,16.618,216
2022-09-29T22:00:00Z,16.618,448
2022-09-29T22:15:00Z,16.713,368
2022-09-29T22:30:00Z,16.618,288
2022-09-29T22:45:00Z,16.808,144
2022-09-29T23:00:00Z,16.903,110
2022-09-29T23:15:00Z,16.903,53
2022-09-29T23:30:00Z,16.808,19
2022-09-29T23:45:00Z,16.808,5
2022-09-30T00:00:00Z,16.713,0
2022-09-30T00:15:00Z,16.713,0
2022-09-30T00:30:00Z,16.713,0
2022-09-30T00:45:00Z,16.713,0
2022-09-30T01:00:00Z,16.618,0
2022-09-30T01:15:00Z,16.618,0
2022-09-30T01:30:00Z,16.618,0
2022-09-30T01:45:00Z,16.618,0
2022-09-30T02:00:00Z,16.618,0
2022-09-30T02:15:00Z,16.618,0
2022-09-30T02:30:00Z,16.618,0
2022-09-30T02:45:00Z,16.618,0
2022-09-30T03:00:00Z,16.523,0
2022-09-30T03:15:00Z,16.523,0
2022-09-30T03:30:00Z,16.427,0
2022-09-30T03:45:00Z,16.332,0
2022-09-30T04:00:00Z,16.332,0
2022-09-30T04:15:00Z,16.332,0
2022-09-30T04:30:00Z,16.332,0
2022-09-30T04:45:00Z,16.332,0
2022-09-30T05:00:00Z,16.332,0
2022-09-30T05:15:00Z,16.237,0
2022-09-30T05:30:00Z,16.237,0
2022-09-30T05:45:00Z,16.237,0
2022-09-30T06:00:00Z,16.141,0
2022-09-30T06:15:00Z,16.141,0
2022-09-30T06:30:00Z,16.141,0
2022-09-30T06:45:00Z,16.046,0
2022-09-30T07:00:00Z,16.046,0
2022-09-30T07:15:00Z,15.951,0
2022-09-30T07:30:00Z,15.951,0
2022-09-30T07:45:00Z,15.951,0
2022-09-30T08:00:00Z,15.855,0
2022-09-30T08:15:00Z,15.855,0
2022-09-30T08:30:00Z,15.855,0
2022-09-30T08:45:00Z,15.76,0
2022-09-30T09:00:00Z,15.76,0
2022-09-30T09:15:00Z,15.664,0
2022-09-30T09:30:00Z,15.664,0
2022-09-30T09:45:00Z,15.664,0
2022-09-30T10:00:00Z,15.664,0
2022-09-30T10:15:00Z,15.664,0
2022-09-30T10:30:00Z,15.664,0
2022-09-30T10:45:00Z,15.664,0
2022-09-30T11:00:00Z,15.569,0
2022-09-30T11:15:00Z,15.569,0
2022-09-30T11:30:00Z,15.569,0
2022-09-30T11:45:00Z,15.473,1
2022-09-30T12:00:00Z,15.473,9
2022-09-30T12:15:00Z,15.473,21
2022-09-30T12:30:00Z,15.473,33
2022-09-30T12:45:00Z,15.473,50
2022-09-30T13:00:00Z,15.473,65
2022-09-30T13:15:00Z,15.473,81
2022-09-30T13:30:00Z,15.473,98
2022-09-30T13:45:00Z,15.473,118
2022-09-30T14:00:00Z,15.569,136
2022-09-30T14:15:00Z,15.569,152
2022-09-30T14:30:00Z,15.569,184
2022-09-30T14:45:00Z,15.664,208
2022-09-30T15:00:00Z,15.664,232
2022-09-30T15:15:00Z,15.664,272
2022-09-30T15:30:00Z,15.76,304
2022-09-30T15:45:00Z,15.76,304
2022-09-30T16:00:00Z,15.855,368
2022-09-30T16:15:00Z,15.855,416
2022-09-30T16:30:00Z,15.951,464
2022-09-30T16:45:00Z,15.951,496
2022-09-30T17:00:00Z,16.046,480
2022-09-30T17:15:00Z,16.046,512
2022-09-30T17:30:00Z,16.141,608
2022-09-30T17:45:00Z,16.046,672
2022-09-30T18:00:00Z,16.141,672
2022-09-30T18:15:00Z,16.141,768
2022-09-30T18:30:00Z,16.141,896
2022-09-30T18:45:00Z,16.141,864
2022-09-30T19:00:00Z,16.237,800
2022-09-30T19:15:00Z,16.237,864
2022-09-30T19:30:00Z,16.903,896
2022-09-30T19:45:00Z,16.808,896
2022-09-30T20:00:00Z,16.903,992
2022-09-30T20:15:00Z,16.903,704
2022-09-30T20:30:00Z,16.903,800
2022-09-30T20:45:00Z,16.713,768
2022-09-30T21:00:00Z,16.713,576
2022-09-30T21:15:00Z,16.903,672
2022-09-30T21:30:00Z,17.094,496
2022-09-30T21:45:00Z,17.189,464
2022-09-30T22:00:00Z,17.189,320
2022-09-30T22:15:00Z,17.284,304
2022-09-30T22:30:00Z,17.189,160
2022-09-30T22:45:00Z,17.189,49
2022-09-30T23:00:00Z,17.189,83
2022-09-30T23:15:00Z,17.094,29
2022-09-30T23:30:00Z,17.094,15
2022-09-30T23:45:00Z,17.094,3
